組み合わせ,共起回数
"日, 誕生",31
"さん, 大泉",32
"地球, 爆発",31
"人, 外国",33
"ツイ, 廃",32
"キャンセル, キャンセル",31
"○, 面倒",32
"○, ヤクザ",46
"根本, 的",35
"薫, 高村",40
"当事者, 言う",34
"ない, 自信",33
"ない, 悪意",30
"ない, 差別, 悪意",35
"差別, 悪意",30
"さん, 桔梗",33
"○, さん, 桔梗",63
"○, 桔梗",63
"○, ○, 桔梗",1953
"中尉, 鶴見",32
"者, 視聴",31
"滅, 鬼",37
"志摩, 香坂",44
"中傷, 誹謗",46
"影, 裏",30
"○, 影, 裏",170
"○, 影",170
"○, ○, 影",4929
"○, 注意",79
"五輪, 大会",38
"五輪, 反対, 反対, 秋元",33
"五輪, 反対, 反対, 札幌, 秋元",89
"五輪, 反対, 札幌, 秋元",144
"五輪, 反対, 札幌, 札幌, 秋元",118
"五輪, 札幌, 秋元",74
"五輪, 札幌, 札幌, 秋元",56
"反対, 秋元",40
"反対, 札幌, 秋元",94
"札幌, 秋元",50
"札幌, 札幌, 秋元",36
"あたりまえ, 体操",34
"大臣, 総理",32
"○, 薄い",68
"サトル, 野田",42
"救急, 車",32
"目, 遭う",35
"宣言, 緊急",33
"事態, 宣言, 緊急",41
"事態, 緊急",35
"○, 本誌",39
"星野, 源",38
"○, バレる",39
"○, 通勤",76
"剛, 綾野",52
"ベル, モン",48
"描く, 描ける",40
"カー, チャン",45
"消費, 税",37
"しよう, ない",52
"○, ４",61
"河野, 無能",33
"太郎, 河野, 無能",79
"太郎, 河野",66
"太郎, 太郎, 河野",48
"ない, 不快",31
"すぎる, 伝わる, 好き",31
"すぎる, 伝わる, 好き, 細かい",34
"伝わる, 好き, 細かい",34
"すぎる, 伝わる",34
"すぎる, 伝わる, 細かい",35
"伝わる, 細かい",35
"うる, せる",41
"思う, 憎悪",33
"勤務, 時間",38
"○, 裏",170
"使う, 税金",43
"上がる, 賃金",32
"はる, へる",39
"ウイルス, 感染",30
"ネタ, バレ",49
"○, ネタ, バレ",167
"○, バレ",150
"○, ○, バレ",3079
"キュー, ハイ",52
"可能, 性",47
"基本, 的",35
"ない, 真面目",35
"られる, 止める",30
"事態, 宣言",33
"くる, 回る",30
"ノー, マスク",38
"カム, 金",48
"リスク, 感染",33
"亡くなる, 人",30
"あやの, さん",69
"反対, 反対, 招致, 札幌, 札幌",75
"五輪, 反対, 反対, 招致, 札幌, 札幌",198
"五輪, 反対, 反対, 招致, 札幌",273
"五輪, 五輪, 反対, 反対, 招致, 札幌",309
"五輪, 反対, 反対, 招致",122
"五輪, 五輪, 反対, 反対, 招致",139
"反対, 招致, 札幌, 札幌",88
"五輪, 反対, 招致, 札幌, 札幌",229
"五輪, 反対, 招致, 札幌",325
"五輪, 五輪, 反対, 招致, 札幌",357
"五輪, 反対, 招致",157
"五輪, 五輪, 反対, 招致",170
"招致, 札幌, 札幌",41
"五輪, 招致, 札幌, 札幌",101
"五輪, 招致, 札幌",166
"五輪, 五輪, 招致, 札幌",157
"五輪, 招致",103
"五輪, 五輪, 招致",86
"お願い, 思う",34
"五輪, 競技",47
"○, 身",59
"保険, 健康",31
"ここ, すぎる, 細かい",30
"ここ, すぎる, 好き, 細かい",33
"ここ, 好き, 細かい",33
"すぎる, 細かい",37
"好き, 細かい",37
"すぎる, 好き, 細かい",35
"価値, 観",30
"おとなしい, 言う",30
"紙, 買う",36
"ダム, ファン",58
"ない, 完璧",34
"ない, 同人",32
"下, 思う",30
"かる, 知る",32
"オリンピック, 五輪, 反対, 反対",54
"オリンピック, 五輪, 反対, 反対, 札幌",133
"オリンピック, 反対, 反対, 札幌",78
"オリンピック, 反対, 反対, 札幌, 札幌",61
"オリンピック, 五輪, 五輪, 反対",30
"オリンピック, 五輪, 五輪, 反対, 札幌",74
"オリンピック, 五輪, 反対, 札幌",186
"オリンピック, 五輪, 反対, 札幌, 札幌",146
"オリンピック, 反対, 札幌",117
"オリンピック, 反対, 札幌, 札幌",90
"オリンピック, 札幌, 札幌",41
"オリンピック, 五輪, 札幌, 札幌",65
"オリンピック, 五輪, 札幌",86
"オリンピック, 五輪, 五輪, 札幌",35
"オリンピック, 五輪",59
"さん, 野木",58
"垢, 鍵",30
"悪口, 言う",31
"一般, 市民",32
"ない, 一般",32
"思う, 権利",32
"思う, 間違い",33
"当時, 思う",33
"られる, 耐える",42
"○, 耐える",48
"○, ○, 耐える",1128
"積む, 買う",35
"人, 指摘",30
"人, 差別, 指摘",30
"ない, 指摘",36
"ない, 差別, 指摘",37
"差別, 指摘",42
"差別, 差別, 指摘",54
"感情, 的",31
"ない, 感情",36
"○, 感想",113
"○, 妄想",41
"ない, やらかす",35
"ナイーブ, 思う",34
"下々, 皆さん",56
"中止, 人命, 東京, 東京, 東京, 求める, 軽視",73
"中止, 五輪, 人命, 東京, 東京, 東京, 求める, 軽視",259
"中止, 五輪, 人命, 東京, 東京, 求める, 軽視",614
"中止, 五輪, 五輪, 人命, 東京, 東京, 求める, 軽視",754
"中止, 五輪, 人命, 東京, 求める, 軽視",599
"中止, 五輪, 五輪, 人命, 東京, 求める, 軽視",692
"中止, 五輪, 人命, 求める, 軽視",208
"中止, 五輪, 五輪, 人命, 求める, 軽視",230
"人命, 東京, 東京, 東京, 求める, 軽視",41
"五輪, 人命, 東京, 東京, 東京, 求める, 軽視",147
"五輪, 人命, 東京, 東京, 求める, 軽視",372
"五輪, 五輪, 人命, 東京, 東京, 求める, 軽視",453
"五輪, 人命, 東京, 求める, 軽視",387
"五輪, 五輪, 人命, 東京, 求める, 軽視",438
"五輪, 人命, 求める, 軽視",142
"五輪, 五輪, 人命, 求める, 軽視",153
"中止, 人命, 東京, 東京, 東京, 求める",71
"中止, 五輪, 人命, 東京, 東京, 東京, 求める",251
"中止, 五輪, 人命, 東京, 東京, 求める",581
"中止, 五輪, 五輪, 人命, 東京, 東京, 求める",709
"中止, 五輪, 人命, 東京, 求める",557
"中止, 五輪, 五輪, 人命, 東京, 求める",638
"中止, 五輪, 人命, 求める",191
"中止, 五輪, 五輪, 人命, 求める",209
"人命, 東京, 東京, 東京, 求める",39
"五輪, 人命, 東京, 東京, 東京, 求める",139
"五輪, 人命, 東京, 東京, 求める",339
"五輪, 五輪, 人命, 東京, 東京, 求める",408
"五輪, 人命, 東京, 求める",345
"五輪, 五輪, 人命, 東京, 求める",384
"五輪, 人命, 求める",125
"五輪, 五輪, 人命, 求める",132
"中止, 人命, 東京, 東京, 東京, 軽視",43
"中止, 五輪, 人命, 東京, 東京, 東京, 軽視",153
"中止, 五輪, 人命, 東京, 東京, 軽視",392
"中止, 五輪, 五輪, 人命, 東京, 東京, 軽視",475
"中止, 五輪, 人命, 東京, 軽視",411
"中止, 五輪, 五輪, 人命, 東京, 軽視",461
"中止, 五輪, 人命, 軽視",152
"中止, 五輪, 五輪, 人命, 軽視",161
"中止, 人命, 東京, 東京, 東京",41
"中止, 五輪, 人命, 東京, 東京, 東京",145
"中止, 五輪, 人命, 東京, 東京",359
"中止, 五輪, 五輪, 人命, 東京, 東京",430
"中止, 五輪, 人命, 東京",369
"中止, 五輪, 五輪, 人命, 東京",407
"中止, 五輪, 人命",135
"中止, 五輪, 五輪, 人命",140
"人命, 東京, 東京, 軽視",96
"五輪, 人命, 東京, 東京, 軽視",295
"五輪, 人命, 東京, 軽視",370
"五輪, 五輪, 人命, 東京, 軽視",367
"五輪, 人命, 軽視",160
"五輪, 五輪, 人命, 軽視",142
"人命, 東京, 東京",81
"五輪, 人命, 東京, 東京",250
"五輪, 人命, 東京",304
"五輪, 五輪, 人命, 東京",301
"五輪, 人命",132
"五輪, 五輪, 人命",115
"あんま, ない",31
"五輪, 選手",47
"攻撃, 的",35
"バイアス, 思う",33
"○, そっち",37
"自己, 論",38
"自己, 論, 責任",51
"論, 責任",41
"ない, シーン",30
"○, シーン",40
"○, ○, シーン",361
"人, 善良",33
"ない, 物語",30
"思う, 物語",34
"思う, 酷い",34
"ない, 中身",44
"○, 設定",59
"市, 札幌",31
"思う, 方向",33
"ワクチン, 打つ",34
"わかる, わける",30
"自由, 表現",34
"中止, 中止, 東京, 東京, 東京, 求める, 開催",30
"中止, 中止, 五輪, 東京, 東京, 東京, 求める, 開催",112
"中止, 中止, 五輪, 東京, 東京, 求める, 開催",264
"中止, 中止, 五輪, 五輪, 東京, 東京, 求める, 開催",342
"中止, 中止, 五輪, 東京, 求める, 開催",259
"中止, 中止, 五輪, 五輪, 東京, 求める, 開催",312
"中止, 中止, 五輪, 求める, 開催",91
"中止, 中止, 五輪, 五輪, 求める, 開催",102
"中止, 東京, 東京, 東京, 求める, 開催",59
"中止, 五輪, 東京, 東京, 東京, 求める, 開催",219
"中止, 五輪, 東京, 東京, 求める, 開催",491
"中止, 五輪, 五輪, 東京, 東京, 求める, 開催",622
"中止, 五輪, 東京, 求める, 開催",479
"中止, 五輪, 五輪, 東京, 求める, 開催",552
"中止, 五輪, 求める, 開催",171
"中止, 五輪, 五輪, 求める, 開催",179
"東京, 東京, 東京, 求める, 開催",31
"五輪, 東京, 東京, 東京, 求める, 開催",115
"五輪, 東京, 東京, 求める, 開催",251
"五輪, 五輪, 東京, 東京, 求める, 開催",316
"五輪, 東京, 求める, 開催",245
"五輪, 五輪, 東京, 求める, 開催",276
"五輪, 求める, 開催",90
"五輪, 五輪, 求める, 開催",89
"中止, 東京, 東京, 東京, 開催",32
"中止, 五輪, 東京, 東京, 東京, 開催",119
"中止, 五輪, 東京, 東京, 開催",263
"中止, 五輪, 五輪, 東京, 東京, 開催",334
"中止, 五輪, 東京, 開催",258
"中止, 五輪, 五輪, 東京, 開催",294
"中止, 五輪, 開催",96
"中止, 五輪, 五輪, 開催",95
"東京, 東京, 開催",42
"五輪, 東京, 東京, 開催",143
"五輪, 東京, 開催",147
"五輪, 五輪, 東京, 開催",159
"五輪, 開催",92
"五輪, 五輪, 開催",61
"巻, 読む",34
"巻, 読む, 買う",41
"巻, 買う",44
"巻, 買う, 買う",35
"○, 巻",138
"○, ○, 巻",3193
"そう, 吐く",40
"思う, 部分",32
"スポーツ, 五輪",32
"声, 罪",33
"ない, 罪",34
"展開, 思う",33
"人, 当たり前",31
"当たり前, 思う",35
"げん, さん",38
"げん, ほしい",41
"ない, アイヌ",33
"アイヌ, 言う",34
"ない, 事態",31
"ない, 物",32
"ない, 判断",30
"思う, 自体",35
"ない, 自体",43
"叩く, 思う",34
"ハイ, ロー",90
"させる, ない",36
"影響, 思う",30
"ない, 影響",30
"ない, 災害",30
"やる, 災害",32
"思う, 災害",35
"ない, 疑問",35
"思う, 疑問",39
"○, 疑問",67
"○, ○, 疑問",2211
"描く, 絵",34
"以前, 思う",33
"中止, 東京, 東京, 東京, 求める, 軽視",71
"中止, 五輪, 東京, 東京, 東京, 求める, 軽視",251
"中止, 五輪, 東京, 東京, 求める, 軽視",584
"中止, 五輪, 五輪, 東京, 東京, 求める, 軽視",712
"中止, 五輪, 東京, 求める, 軽視",563
"中止, 五輪, 五輪, 東京, 求める, 軽視",644
"中止, 五輪, 求める, 軽視",194
"中止, 五輪, 五輪, 求める, 軽視",212
"東京, 東京, 東京, 求める, 軽視",39
"五輪, 東京, 東京, 東京, 求める, 軽視",139
"五輪, 東京, 東京, 求める, 軽視",342
"五輪, 五輪, 東京, 東京, 求める, 軽視",411
"五輪, 東京, 求める, 軽視",351
"五輪, 五輪, 東京, 求める, 軽視",390
"五輪, 求める, 軽視",128
"五輪, 五輪, 求める, 軽視",135
"中止, 東京, 東京, 東京, 軽視",41
"中止, 五輪, 東京, 東京, 東京, 軽視",145
"中止, 五輪, 東京, 東京, 軽視",362
"中止, 五輪, 五輪, 東京, 東京, 軽視",433
"中止, 五輪, 東京, 軽視",375
"中止, 五輪, 五輪, 東京, 軽視",413
"中止, 五輪, 軽視",138
"中止, 五輪, 五輪, 軽視",143
"東京, 東京, 軽視",82
"五輪, 東京, 東京, 軽視",253
"五輪, 東京, 軽視",310
"五輪, 五輪, 東京, 軽視",307
"五輪, 軽視",134
"五輪, 五輪, 軽視",118
"一番, 好き",35
"結婚, 言う",30
"○, 結婚",43
"○, ○, 結婚",820
"女, 男性",31
"ない, キャラクター",53
"思う, 結果",32
"ない, 結果",40
"岸田, 思う",36
"安倍, 岸田",47
"ない, 車",30
"大人, 思う",38
"ない, 戦争",36
"安倍, 首相",36
"価値, 思う",37
"ない, 価値",42
"病院, 行く",32
"ない, 権力",31
"思う, 権力",34
"ない, 記憶",42
"思う, 間違う",34
"寝る, 落ち",118
"かける, 迷惑",31
"思う, 迷惑",37
"変える, 思う",30
"変える, 言う",32
"あげる, 人",32
"思う, 辞める",31
"ない, 辞める",40
"加害, 思う",34
"加害, 者",46
"加害, 者, 者",31
"ワクチン, 接種",71
"びっくり, 思う",38
"感染, 症",86
"ない, 滅びる",34
"ブロック, 思う",30
"ルール, ルール",33
"ない, ルール",34
"やる, ルール",35
"ない, 笑",31
"不明, 意味",86
"人, 大事",31
"主義, 思う",31
"ない, 主義",35
"ない, 主義, 差別",45
"主義, 者",42
"主義, 差別, 者",68
"主義, 差別",64
"主義, 差別, 差別",72
"差別, 発言",31
"ない, 発言",31
"人, 発言",32
"発言, 言う",38
"すべて, ない",37
"回, 最終",48
"最終, 的",50
"ない, 結局",30
"○, 結局",132
"○, ○, 結局",4290
"思う, 道",32
"ない, 思う, 道",30
"ない, 道",34
"特別, 特別",30
"扱い, 特別, 特別",36
"ない, 特別",32
"人, 特別",38
"人, 扱い, 特別",52
"思う, 特別",44
"扱い, 特別",48
"思う, 期待",31
"ない, 以外",33
"あなた, 言う",30
"あなた, わたし",31
"あなた, わたし, 思う",31
"あなた, ない",35
"あなた, 思う",38
"ない, 立場",41
"人, 立場",42
"思う, 立場",48
"かわいそう, 人",33
"かわいそう, 思う",34
"かわいそう, ない",40
"奴, 言う",30
"ない, 奴",30
"奴, 思う",37
"○, まとも",32
"ない, 奴隷",32
"捨てる, 言う",35
"垢, 捨てる, 言う",63
"垢, 捨てる",67
"垢, 垢, 捨てる",67
"ない, 売る",32
"売る, 買う",37
"思う, 時代",42
"い, キモ",72
"ない, 原作",30
"いい, 山",31
"母, 言う",32
"ない, 母",33
"服, 着る",44
"利用, 思う",31
"ない, 利用",35
"対策, 思う",30
"ない, 対策",39
"ない, 対策, 感染",36
"対策, 感染",73
"られる, 医療",31
"られる, 医療, 受ける",36
"医療, 受ける",37
"医療, 受ける, 死ぬ",30
"医療, 死ぬ",39
"思う, 記事",32
"記事, 読む",40
"わく, 思う",31
"ない, わく",53
"ない, 以上",35
"以上, 思う",42
"支持, 言う",33
"ない, 支持",33
"人, 支持",41
"支持, 自民党",41
"ない, 日本人",38
"人, 日本人",38
"おいしい, 食べる",33
"思う, 自覚",47
"ない, 思う, 自覚",34
"ない, 自覚",64
"ない, 系",30
"人, 系",31
"好き, 系",34
"好き, 好き, 系",42
"思う, 系",35
"できる, 想像",31
"人, 想像",37
"ない, 暴力",31
"思う, 暴力",35
"ゴミ, 思う",37
"キャラ, 好き",30
"ない, キャラ",30
"タイプ, 人",41
"ない, タイプ",42
"タイプ, 思う",42
"ない, 意識",47
"思う, 意識",47
"人, 生活",31
"思う, 生活",34
"ない, 思う, 生活",31
"ない, 生活",41
"人, 話す",30
"ない, 話す",37
"○, 話す",43
"○, ○, 話す",903
"ない, ほんと",36
"○, ほんと",42
"○, ○, ほんと",861
"ない, 健康",36
"合う, 思う",39
"人, 文句",31
"人, 文句, 言う",44
"ない, 文句",32
"ない, 文句, 言う",31
"思う, 文句",37
"思う, 文句, 言う",43
"文句, 言う",103
"文句, 言う, 言う",34
"がる, 人",33
"がる, 思う",45
"夢, 見る",45
"公式, 言う",30
"二, 公式, 創作",37
"公式, 創作, 次",37
"二, 公式, 創作, 次",57
"公式, 次",35
"二, 公式",35
"二, 公式, 次",51
"ない, 公式",36
"○, ない, 公式",59
"○, 公式",59
"○, ○, 公式",1711
"ない, 興味",107
"つる, ない",35
"人, 肯定",32
"ない, 肯定",42
"思う, 肯定",44
"人, 評価",30
"ない, 評価",46
"思う, 評価",47
"思う, 表現",32
"思う, 理由",30
"ない, 理由",50
"かかる, 思う",30
"ない, 作品",44
"作品, 思う",46
"ない, へん",35
"へん, 思う",42
"日, 月",56
"人, 番組",34
"番組, 見る",35
"思う, 番組",36
"こいつ, ない",32
"こいつ, 思う",52
"ない, 人生",39
"呼ぶ, 思う",42
"ない, 昔",35
"思う, 昔",47
"守る, 言う",40
"ない, 守る",43
"ない, 守る, 思う",32
"守る, 思う",57
"感覚, 的",36
"ない, 感覚",43
"ない, 思う, 感覚",30
"思う, 感覚",54
"○, 心配",103
"服, 買う",72
"悪い, 都合",30
"よい, 都合",33
"ない, 思う, 都合",32
"いい, 思う, 都合",39
"ない, 都合",57
"いい, ない, 都合",43
"いい, 都合",72
"ない, 置く",32
"思う, 置く",40
"しゃべる, ない",33
"ない, 怒る",31
"怒る, 言う",31
"人, 怒る",31
"怒る, 思う",48
"ない, 仕方",35
"人, 仕方",37
"人, 仕方, 思う",33
"仕方, 思う",55
"ない, 警察",33
"思う, 警察",49
"人, 気付く",37
"ない, 気付く",38
"気付く, 自分",41
"思う, 気付く",45
"ない, 後",38
"後, 思う",40
"人, 働く",31
"ない, 働く",33
"○, いま",55
"思う, 選ぶ",34
"ない, 選ぶ",43
"ない, 最初",42
"思う, 最初",48
"ない, ワシ",35
"ワシ, 思う",41
"○, ワシ",112
"○, ○, ワシ",2909
"さ, 優しい",41
"人, 優しい",46
"人, 優しい, 思う",33
"優しい, 思う",50
"ない, 優しい, 思う",36
"ない, 優しい",54
"思う, 雑",35
"みたい, 雑",36
"先, 思う",31
"ない, 先",42
"ない, 起きる",32
"思う, 昨日",36
"ない, 政権",31
"ない, 政権, 自民党",31
"思う, 政権",48
"思う, 政権, 自民党",44
"政権, 自民党",88
"政権, 自民党, 自民党",38
"人, 被害",36
"人, 者, 被害",36
"思う, 被害",44
"思う, 者, 被害",34
"ない, 被害",47
"ない, 者, 被害",45
"者, 被害",117
"者, 者, 被害",66
"ない, 姉",33
"○, ない, 姉",41
"くる, 姉",34
"姉, 言う",35
"○, 姉",41
"○, ○, 姉",820
"見かける, 言う",32
"ない, 見かける",32
"人, 見かける",34
"思う, 見かける",41
"思う, 若い",32
"ない, 若い",33
"人, 若い",41
"否定, 思う",40
"ない, 否定",58
"人, 状態",30
"思う, 状態",34
"ない, 状態",41
"人, 他",45
"ない, 他",48
"他, 思う",48
"言う, 言える",33
"ない, 言える",36
"思う, 言える",44
"たび, 見る",37
"たび, 思う",43
"思う, 時",31
"ない, 時",34
"態度, 自分",30
"態度, 的",35
"態度, 言う",36
"ない, 態度",45
"思う, 態度",50
"思う, 現実",37
"ない, 現実",42
"○, 現実",42
"○, ○, 現実",861
"相手, 自分",43
"思う, 相手",45
"ない, 相手",48
"取る, 思う",30
"ない, 取る",41
"取る, 責任",55
"ない, 思える",30
"思う, 思える",36
"強い, 思う",35
"ない, 強い, 思う",38
"人, 強い",36
"ない, 強い",45
"的, 説明",30
"言う, 説明",32
"何, 説明",32
"思う, 説明",45
"ない, 思う, 説明",30
"ない, 説明",57
"いつ, 思う",32
"いつ, ない",34
"ない, 勝手",30
"人, 勝手",31
"勝手, 思う",43
"完全, 思う",40
"ない, 力",47
"ない, 父",56
"皆さん, 言う",34
"ない, 皆さん",37
"思う, 皆さん",38
"そこ, 思う",50
"そこ, ない, 思う",33
"そこ, ない",57
"全部, 思う",33
"ない, 全部",33
"こわい, 人",30
"ワクチン, 思う",30
"ない, ワクチン",32
"ない, 市民",43
"市民, 思う",47
"思う, 無能",30
"ない, 無能",42
"みたい, マンガ",41
"マンガ, 読む",41
"マンガ, 思う",42
"ない, マンガ",57
"ない, ない, マンガ",32
"個人, 思う",48
"ない, 個人",56
"個人, 的",61
"思う, 絶対",31
"ない, 絶対",41
"さん, 大好き",32
"ない, 大好き",32
"大好き, 好き",39
"ない, 差別, 認識",31
"ない, 差別, 差別, 認識",76
"差別, 差別, 認識",67
"差別, 差別, 差別, 認識",107
"人, 認識",43
"ない, 認識",46
"思う, 認識",50
"人, 側",35
"側, 言う",42
"側, 差別, 言う",34
"側, 差別",50
"側, 差別, 差別",59
"ない, 側",51
"側, 思う",52
"わたし, 自身",33
"人, 自身",42
"人, 自分, 自身",40
"ない, 思う, 自身",34
"ない, 自分, 自身",47
"思う, 自身",75
"思う, 自分, 自身",59
"自分, 自身",104
"歳, 甥",59
"変わる, 言う",31
"人, 変わる",35
"ない, 変わる",43
"変わる, 思う",56
"おれ, ない",36
"○, おれ",162
"○, ○, おれ",4293
"思う, 職場",31
"○, 人, 職場",32
"○, ○, 人, 職場",496
"○, ○, 職場",496
"○, ○, ○, 職場",4960
"ない, 職場",33
"人, 職場",72
"ない, スガ",43
"スガ, 安倍",45
"スガ, 思う",47
"いい, 本人",30
"人, 本人",42
"本人, 言う",43
"ない, 本人",51
"ない, 思う, 本人",34
"思う, 本人",67
"ない, 上",37
"上, 思う",48
"内, 思う",31
"ない, 内",38
"内, 脳",60
"みたい, 垢",32
"垢, 垢",35
"人, 垢",38
"ない, 垢",42
"垢, 言う",47
"垢, 思う",49
"やばい, 思う",32
"ない, 手",37
"思う, 手",43
"普通, 言う",30
"思う, 普通",50
"人, 普通",55
"ない, 人, 普通",33
"ない, 普通",62
"ここ, 人",30
"ここ, すぎる",30
"ここ, すぎる, 好き",30
"ここ, ない",31
"ここ, 好き",33
"ここ, 思う",39
"ネタ, 思う",42
"ない, ネタ",43
"○, ない, ネタ",59
"○, ネタ",152
"○, ○, ネタ",3154
"信じる, 自分",32
"もの, 信じる",32
"信じる, 信じる",34
"人, 信じる",37
"ない, 信じる",44
"信じる, 思う",46
"ない, 杉",32
"いう, 杉",34
"いう, 元, 杉",61
"尾形, 杉",40
"元, 尾形, 杉",44
"思う, 杉",49
"元, 思う, 杉",65
"○, 元, 杉",79
"○, ○, 元, 杉",2027
"○, ○, 杉",2378
"○, ○, ○, 杉",41425
"元, 杉",152
"元, 元, 杉",48
"似る, 言う",31
"ない, 似る",35
"似る, 思う",45
"嫌い, 言う",35
"好き, 嫌い",35
"わたし, 嫌い",36
"くる, 嫌い",38
"人, 嫌い",40
"嫌い, 思う",47
"ない, 嫌い",47
"ない, 情報",44
"思う, 情報",45
"人, 名前",38
"名前, 思う",45
"ない, 脳",37
"人, 存在",44
"ない, 存在",67
"ない, 存在, 思う",37
"存在, 思う",68
"人, 氏",31
"思う, 氏",36
"ない, 氏",39
"妹, 思う",36
"妹, 言う",38
"ない, 妹",52
"オタク, 思う",32
"ない, オタク",40
"○, オタク",48
"○, ○, オタク",1128
"いける, 何",31
"いける, 言う",33
"いける, 思う",41
"いける, ない",42
"ひどい, 言う",31
"ひどい, 思う",37
"ひどい, 人",48
"わり, 人",40
"ない, わり",53
"わり, 思う",56
"子, 思う",36
"ない, 子",56
"とく, 言う",31
"とく, ない",34
"いい, とく",34
"とく, 思う",47
"状況, 言う",33
"ない, 状況",44
"人, 状況",50
"思う, 状況",55
"家族, 思う",41
"ない, 家族, 思う",30
"人, 家族",41
"○, ない, 家族",46
"○, ○, ない, 家族",1035
"○, ○, 家族",1035
"○, ○, ○, 家族",15180
"ない, 家族",55
"カネ, 思う",35
"カネ, 死ぬ",37
"カネ, 人",39
"ない, カネ",83
"ない, 思い出す",31
"人, 思い出す",35
"ない, やすい",50
"ない, やすい, わかる",32
"やすい, 思う",57
"やすい, わかる, 思う",41
"やすい, わかる",98
"たく, たく",36
"たく, 思う",40
"たく, ない",44
"的, 言葉",34
"人, 言葉",34
"思う, 言葉",35
"言う, 言葉",40
"ない, 言葉",45
"くる, 数",30
"ない, 数",32
"感染, 数, 検査",43
"感染, 数, 検査, 者",65
"感染, 数, 者",58
"数, 者",45
"数, 検査, 者",46
"思う, 数",46
"人, 数",50
"数, 検査",52
"歳, 歳",30
"くる, 歳",37
"ない, 入れる",37
"入れる, 思う",38
"人, 方",35
"方, 的",36
"ない, 方",40
"思う, 方",46
"人, 他人",31
"いい, 他人",35
"他人, 自分",49
"他人, 思う",52
"ない, 他人",57
"人, 推す",36
"思う, 推す",37
"ない, 推す",39
"思う, 本",32
"ない, 本",33
"○, ない, 本",59
"本, 買う",40
"本, 読む",51
"○, 本",59
"○, ○, 本",1711
"たくさん, 思う",47
"たくさん, ない",51
"たくさん, 人",77
"たくさん, 人, 人",33
"お前, 人",32
"お前, くる",33
"お前, ら",33
"お前, やる",34
"お前, みたい",47
"お前, 思う",53
"お前, 思う, 言う",30
"お前, ない",54
"お前, ない, 言う",33
"お前, 言う",88
"検査, 言う",32
"られる, 検査",33
"できる, 検査",34
"できる, 人, 検査",43
"思う, 検査",36
"検査, 者",37
"感染, 検査, 者",44
"人, 検査",51
"ない, 検査, 検査",34
"ない, 受ける, 検査, 検査",42
"受ける, 検査, 検査",41
"ない, 検査",56
"ない, 受ける, 検査",36
"感染, 検査",57
"受ける, 検査",60
"続ける, 言う",34
"思う, 続ける",45
"ない, 続ける",56
"一, 度",35
"ない, 度",41
"度, 思う",48
"何, 度",51
"心, 思う",34
"ない, 心",41
"みたい, 扱い",30
"扱い, 的",32
"扱い, 言う",36
"人間, 扱い",39
"思う, 扱い",56
"ない, 扱い",56
"人, 扱い",58
"変, 思う",43
"しんどい, ない",33
"しんどい, 人",41
"しんどい, 思う",44
"ない, 高い",35
"買う, 高い",38
"思う, 高い",44
"おく, 言う",30
"おく, 人",32
"いい, おく",36
"おく, 思う",56
"おく, ない",56
"つもり, 自分",33
"つもり, 何",36
"つもり, 人",38
"つもり, ない, 人",40
"つもり, 言う",53
"つもり, ない, 言う",39
"つもり, 思う",57
"つもり, ない, 思う",45
"つもり, ない",118
"つもり, ない, ない",35
"しらむ, 思う",40
"しらむ, ない",40
"人, 許す",32
"思う, 許す",42
"ない, 許す",56
"人, 大丈夫",45
"ない, 大丈夫",59
"ない, 大丈夫, 思う",38
"大丈夫, 思う",63
"みたい, 必要",30
"いい, 必要",31
"必要, 言う",41
"ない, 必要, 言う",48
"人, 必要",42
"必要, 思う",64
"ない, 必要, 思う",49
"ない, 必要",116
"ない, ない, 必要",39
"ない, 笑う",38
"しまう, 笑う",48
"ストレス, 人",31
"ない, ストレス",54
"おもろい, 思う",39
"おもろい, ない",40
"でかい, ない",34
"でかい, 思う",57
"くる, 世の中",31
"ない, 世の中",61
"世の中, 人",64
"世の中, 思う",67
"マスク, 思う",34
"マスク, マスク",37
"ない, マスク",37
"マスク, 人",42
"マスク, 感染",49
"マスク, 感染, 感染",33
"みたい, 男",32
"人, 男",34
"男, 言う",40
"思う, 男",40
"ない, 男",49
"ない, 女, 男",60
"女, 男",103
"女, 女, 男",65
"まくる, 人",35
"まくる, 思う",46
"ない, まくる",59
"人, 北海道, 札幌",31
"ニュース, 北海道, 札幌",39
"北海道, 思う",47
"ない, 北海道, 思う",35
"人, 北海道",55
"ない, 北海道",59
"ニュース, 北海道",73
"言う, 金",33
"人, 金",42
"思う, 金",54
"ない, 金",60
"ただ, 差別",32
"ただ, 差別, 差別",32
"ただ, 言う",38
"ただ, 人",42
"ただ, ない, 人",32
"ただ, 思う",55
"○, ただ",67
"○, ○, ただ",2211
"ただ, ない",87
"ただ, ない, ない",32
"思う, 飲む",30
"ない, 飲む",31
"おっさん, 人",31
"おっさん, 言う",32
"おっさん, おっさん",44
"おっさん, 思う",47
"おっさん, ない",51
"どっち, 何",30
"いい, どっち",33
"どっち, わかる",38
"どっち, 人",42
"どっち, ない",48
"どっち, 思う",68
"三, 国葬, 晋, 死ぬ",61
"三, 国葬, 安倍, 晋, 死ぬ",131
"国葬, 安倍, 晋, 死ぬ",75
"国葬, 安倍, 安倍, 晋, 死ぬ",48
"三, 晋, 死ぬ",54
"三, 安倍, 晋, 死ぬ",100
"安倍, 晋, 死ぬ",60
"安倍, 安倍, 晋, 死ぬ",30
"ない, 三, 反対, 晋",37
"ない, 三, 反対, 国葬, 晋",63
"ない, 三, 反対, 安倍, 晋",49
"ない, 三, 反対, 国葬, 安倍, 晋",83
"ない, 反対, 国葬, 安倍, 晋",63
"ない, 反対, 国葬, 国葬, 安倍, 晋",30
"ない, 反対, 国葬, 晋",53
"ない, 三, 国葬, 晋",44
"ない, 国葬, 安倍, 晋",44
"ない, 三, 国葬, 安倍, 晋",60
"ない, 三, 晋",52
"ない, 三, 安倍, 晋",69
"ない, 安倍, 晋",53
"やる, 三, 反対, 安倍, 安倍, 晋",54
"やる, 三, 反対, 国葬, 安倍, 安倍, 晋",96
"やる, 三, 反対, 国葬, 安倍, 晋",215
"やる, 三, 反対, 国葬, 国葬, 安倍, 晋",152
"やる, 三, 反対, 国葬, 晋",127
"やる, 三, 反対, 国葬, 国葬, 晋",88
"やる, 反対, 安倍, 安倍, 晋",32
"やる, 反対, 国葬, 安倍, 安倍, 晋",66
"やる, 反対, 国葬, 安倍, 晋",167
"やる, 反対, 国葬, 国葬, 安倍, 晋",136
"やる, 反対, 国葬, 晋",105
"やる, 反対, 国葬, 国葬, 晋",80
"やる, 三, 国葬, 国葬, 晋",52
"やる, 三, 国葬, 国葬, 安倍, 晋",84
"やる, 三, 国葬, 安倍, 晋",129
"やる, 三, 国葬, 安倍, 安倍, 晋",50
"やる, 三, 安倍, 晋",105
"やる, 三, 安倍, 安倍, 晋",42
"やる, 国葬, 国葬, 晋",48
"やる, 国葬, 国葬, 安倍, 晋",76
"やる, 国葬, 安倍, 晋",103
"やる, 国葬, 安倍, 安倍, 晋",34
"やる, 安倍, 晋",75
"三, 思う, 晋",68
"三, 安倍, 思う, 晋",90
"安倍, 思う, 晋",72
"三, 反対, 反対, 安倍, 安倍, 晋",48
"三, 反対, 反対, 国葬, 安倍, 安倍, 晋",98
"三, 反対, 反対, 国葬, 安倍, 晋",181
"三, 反対, 反対, 国葬, 国葬, 安倍, 晋",139
"三, 反対, 反対, 国葬, 晋",97
"三, 反対, 反対, 国葬, 国葬, 晋",75
"反対, 反対, 安倍, 晋",56
"反対, 反対, 国葬, 安倍, 晋",123
"反対, 反対, 国葬, 晋",71
"反対, 反対, 国葬, 国葬, 晋",55
"三, 三, 反対, 国葬, 国葬, 晋",44
"三, 三, 反対, 国葬, 国葬, 安倍, 晋",94
"三, 三, 反対, 国葬, 安倍, 晋",158
"三, 三, 反対, 国葬, 安倍, 安倍, 晋",106
"三, 三, 反対, 安倍, 晋",88
"三, 三, 反対, 安倍, 安倍, 晋",62
"三, 反対, 安倍, 安倍, 晋",142
"三, 反対, 国葬, 安倍, 安倍, 晋",260
"三, 反対, 国葬, 安倍, 晋",491
"三, 反対, 国葬, 国葬, 安倍, 晋",320
"三, 反対, 国葬, 晋",271
"三, 反対, 国葬, 国葬, 晋",178
"反対, 安倍, 安倍, 晋",80
"反対, 国葬, 安倍, 安倍, 晋",154
"反対, 国葬, 安倍, 晋",333
"反対, 国葬, 国葬, 安倍, 晋",226
"反対, 国葬, 晋",201
"反対, 国葬, 国葬, 晋",134
"三, 国葬, 国葬, 晋",105
"三, 国葬, 国葬, 安倍, 晋",183
"国葬, 国葬, 安倍, 晋",131
"国葬, 国葬, 安倍, 安倍, 晋",55
"三, 三, 国葬, 晋",46
"三, 三, 国葬, 安倍, 晋",104
"三, 国葬, 安倍, 晋",331
"三, 国葬, 安倍, 安倍, 晋",166
"国葬, 安倍, 晋",227
"国葬, 安倍, 安倍, 晋",96
"三, 三, 晋",37
"三, 三, 安倍, 晋",83
"三, 安倍, 晋",321
"三, 安倍, 安倍, 晋",126
"安倍, 晋",238
"安倍, 安倍, 晋",70
"別, 差別",30
"別, 差別, 差別",31
"それ, 別",30
"別, 話",37
"人, 別",45
"別, 言う",49
"いい, 別",50
"別, 思う",58
"ない, 別, 思う",34
"ない, 別",79
"困る, 自分",36
"人, 困る",36
"困る, 思う",47
"ない, 困る",51
"外, 思う",39
"人, 外",45
"ない, 外",55
"ない, 出る, 外",31
"出る, 外",85
"いう, 感じる",30
"感じる, 的",32
"られる, 感じる",33
"もの, 感じる",34
"よう, 感じる",38
"みたい, 感じる",38
"さ, 感じる",46
"人, 感じる",47
"ない, 感じる",53
"思う, 感じる",66
"られる, 忘れる",39
"ない, 忘れる",47
"忘れる, 思う",55
"おかしい, 言う",30
"おかしい, 人",41
"おかしい, ない",51
"おかしい, 思う",71
"人, 嫌",40
"嫌, 言う",41
"ない, 嫌",44
"嫌, 思う",56
"人, 楽しい",38
"いい, 楽しい",41
"思う, 楽しい",60
"ない, 楽しい",60
"人, 元",30
"元, 言う",31
"いう, 元",32
"元, 尾形",34
"ない, 元",48
"元, 思う",62
"○, 元",79
"○, ○, 元",2027
"みたい, 鶴見",32
"○, みたい, 鶴見",44
"的, 鶴見",42
"鶴見, 鶴見",43
"思う, 鶴見",46
"ない, 鶴見",52
"尾形, 鶴見",54
"○, 鶴見",239
"○, ○, 鶴見",5901
"わかる, 二, 創作",42
"わかる, 創作, 次",42
"わかる, 二, 創作, 次",66
"二, 創作, 言う",33
"創作, 次, 言う",33
"二, 創作, 次, 言う",35
"もの, 二, 創作",47
"もの, 二, 創作, 次",83
"もの, 創作, 次",51
"みたい, 二, 創作",47
"みたい, 創作, 次",47
"みたい, 二, 創作, 次",63
"二, 創作, 思う",42
"創作, 思う, 次",42
"二, 創作, 思う, 次",52
"やる, 二, 創作",71
"やる, 二, 創作, 次",127
"やる, 創作, 次",72
"二, 人, 創作",61
"人, 創作, 次",61
"二, 人, 創作, 次",85
"ない, 二, 創作",62
"ない, 二, 創作, 次",84
"ない, 創作, 次",64
"二, 二, 創作",31
"二, 二, 創作, 次",71
"二, 創作, 次",242
"二, 創作, 次, 次",73
"創作, 次",181
"創作, 次, 次",33
"いい, ない, 政治",30
"いい, ない, 家, 政治",42
"いい, 家, 政治",33
"人, 政治",36
"政治, 的",48
"政治, 言う",48
"ない, 家, 政治",30
"ない, 家, 思う, 政治",31
"ない, 思う, 政治",39
"思う, 政治",60
"家, 思う, 政治",33
"家, 政治",89
"ない, 書く",43
"人, 書く",45
"思う, 書く",51
"持つ, 自分",30
"持つ, 的",33
"くる, 持つ",39
"ない, 持つ",53
"人, 持つ",62
"思う, 持つ",65
"どこ, わかる",31
"どこ, 言う",35
"どこ, 思う",46
"どこ, ない",64
"ものすごい, 人",35
"ない, ものすごい",39
"ものすごい, 思う",68
"とる, ない, 責任",32
"とる, ない, 責任, 責任",61
"とる, 責任, 責任",38
"とる, 責任, 責任, 責任",44
"とる, ない",41
"○, とる",44
"○, ○, とる",946
"とる, 思う",59
"感染, 自己",31
"感染, 自己, 責任",65
"みたい, 自己",33
"みたい, 自己, 責任",30
"死ぬ, 自己, 自己",35
"死ぬ, 自己, 自己, 責任",161
"死ぬ, 死ぬ, 自己, 自己",30
"死ぬ, 死ぬ, 自己, 自己, 責任",30
"自己, 自己, 責任",121
"自己, 自己, 責任, 責任",170
"自己, 言う",45
"自己, 言う, 責任",65
"死ぬ, 自己",48
"死ぬ, 自己, 責任",120
"人, 自己",48
"人, 自己, 責任",46
"思う, 自己",52
"思う, 自己, 責任",36
"自分, 自己",55
"自分, 自己, 責任",87
"ない, 自己",73
"ない, 自己, 責任",57
"自己, 責任",205
"自己, 責任, 責任",133
"くる, 帰る",42
"みたい, 謎",45
"人, 謎",49
"思う, 謎",60
"ない, 謎",62
"やる, ダメ",36
"いい, ダメ",36
"ダメ, 人",43
"ダメ, 言う",45
"ダメ, ダメ",53
"ダメ, 思う",63
"ない, ダメ",77
"これ, 国葬, 安倍",33
"これ, 反対, 国葬, 安倍",51
"これ, 反対, 国葬",38
"国葬, 思う",34
"国葬, 安倍, 思う",32
"いい, ない, 反対, 国葬",38
"いい, ない, 人, 反対, 国葬",88
"いい, ない, 人, 国葬",86
"いい, ない, 人, 人, 国葬",160
"いい, 反対, 国葬",40
"いい, 人, 反対, 国葬",50
"いい, 人, 国葬",53
"いい, 人, 人, 国葬",84
"反対, 国葬, 安倍, 死ぬ, 死ぬ",33
"人, 反対, 国葬, 安倍, 死ぬ, 死ぬ",61
"人, 反対, 国葬, 死ぬ, 死ぬ",64
"人, 人, 反対, 国葬, 死ぬ, 死ぬ",60
"国葬, 安倍, 死ぬ, 死ぬ",33
"人, 国葬, 安倍, 死ぬ, 死ぬ",61
"人, 国葬, 死ぬ, 死ぬ",64
"人, 人, 国葬, 死ぬ, 死ぬ",60
"三, 反対, 国葬, 死ぬ",52
"三, 反対, 国葬, 安倍, 死ぬ",110
"三, 国葬, 安倍, 死ぬ",75
"三, 国葬, 安倍, 安倍, 死ぬ",48
"人, 人, 国葬, 安倍, 死ぬ",32
"人, 人, 反対, 国葬, 安倍, 死ぬ",34
"人, 人, 反対, 国葬, 死ぬ",34
"人, 国葬, 安倍, 死ぬ",36
"人, 反対, 国葬, 安倍, 死ぬ",40
"人, 反対, 国葬, 死ぬ",43
"反対, 国葬, 死ぬ",51
"反対, 国葬, 安倍, 死ぬ",79
"国葬, 安倍, 死ぬ",58
"人, 人, 反対, 国葬",33
"ない, 人, 人, 反対, 国葬",44
"ない, 人, 人, 国葬",42
"ない, 人, 国葬",39
"ない, 人, 反対, 国葬",45
"人, 反対, 国葬",50
"ない, 三, 国葬, 安倍",44
"ない, 三, 反対, 国葬, 安倍",63
"ない, 三, 反対, 国葬",53
"ない, 国葬, 安倍",37
"ない, 反対, 国葬, 安倍",54
"ない, 反対, 国葬",63
"やる, やる, 三, 国葬, 国葬, 安倍",51
"やる, やる, 三, 反対, 国葬, 国葬, 安倍",94
"やる, やる, 三, 反対, 国葬, 国葬",52
"やる, やる, 国葬, 国葬, 安倍",51
"やる, やる, 反対, 国葬, 国葬, 安倍",94
"やる, やる, 反対, 国葬, 国葬",52
"やる, やる, 三, 国葬, 安倍",47
"やる, やる, 三, 反対, 国葬, 安倍",79
"やる, やる, 三, 反対, 国葬",49
"やる, やる, 国葬, 安倍",47
"やる, やる, 反対, 国葬, 安倍",79
"やる, やる, 反対, 国葬",52
"やる, 三, 国葬, 国葬, 安倍",76
"やる, 三, 反対, 国葬, 国葬, 安倍",136
"やる, 三, 反対, 国葬, 国葬",80
"やる, 三, 反対, 反対, 国葬, 国葬",33
"やる, 国葬, 国葬, 安倍",73
"やる, 反対, 国葬, 国葬, 安倍",129
"やる, 反対, 国葬, 国葬",78
"やる, 反対, 反対, 国葬, 国葬",31
"やる, 三, 国葬, 安倍, 安倍",34
"やる, 三, 反対, 国葬, 安倍, 安倍",66
"やる, 三, 反対, 国葬, 安倍",167
"やる, 三, 反対, 反対, 国葬, 安倍",68
"やる, 三, 反対, 国葬",105
"やる, 三, 反対, 反対, 国葬",38
"やる, 国葬, 安倍",94
"やる, 反対, 国葬, 安倍",146
"やる, 反対, 国葬",102
"やる, 反対, 反対, 国葬",33
"三, 国葬, 国葬, 安倍, 安倍",55
"三, 反対, 国葬, 国葬, 安倍, 安倍",100
"三, 反対, 国葬, 国葬, 安倍",226
"三, 反対, 反対, 国葬, 国葬, 安倍",97
"三, 反対, 国葬, 国葬",134
"三, 反対, 反対, 国葬, 国葬",55
"国葬, 国葬, 安倍, 安倍",40
"反対, 国葬, 国葬, 安倍, 安倍",72
"反対, 国葬, 国葬, 安倍",181
"反対, 反対, 国葬, 国葬, 安倍",76
"反対, 国葬, 国葬",122
"反対, 反対, 国葬, 国葬",45
"三, 反対, 反対, 国葬",71
"三, 反対, 反対, 国葬, 安倍",123
"三, 反対, 国葬, 安倍",333
"三, 反対, 国葬, 安倍, 安倍",154
"三, 国葬, 安倍",227
"三, 国葬, 安倍, 安倍",96
"国葬, 安倍, 安倍",64
"反対, 国葬, 安倍, 安倍",101
"反対, 国葬, 安倍",263
"反対, 反対, 国葬, 安倍",94
"反対, 国葬",207
"反対, 反対, 国葬",60
"やる, 化",30
"何, 化",30
"化, 自分",32
"もの, 化",33
"みたい, 化",36
"いう, 化",37
"化, 言う",43
"人, 化",44
"わかる, 化",46
"ない, わかる, 化",38
"化, 思う",59
"ない, 化",67
"はず, 何",30
"はず, よう",31
"はず, みたい",34
"はず, 言う",37
"できる, はず",45
"はず, 人",49
"はず, 思う",73
"ない, はず",80
"かける, くる",36
"かける, 言う",37
"いい, かける",39
"かける, 人",53
"かける, 人, 思う",30
"かける, ない",64
"かける, ない, 思う",41
"かける, 思う",75
"ら, 言う",30
"ら, 思う",55
"ない, ら",64
"ない, ら, 人",32
"ら, 人",81
"つける, みたい",30
"○, つける, みたい",44
"つける, 言う",33
"○, つける, 気",44
"○, ○, つける, 気",946
"○, ○, つける",946
"○, ○, ○, つける",13244
"つける, ない",45
"つける, 思う",62
"つける, 思う, 気",31
"つける, 気",76
"入る, 目",36
"人, 入る",43
"ない, 入る",51
"入る, 思う",55
"的, 関係",30
"ない, 的, 関係",32
"いい, 人, 人, 関係",42
"いい, ない, 人, 人, 関係",82
"いい, 人, 人, 人, 関係",40
"いい, ない, 人, 人, 人, 関係",40
"いい, ない, 人, 関係",52
"いい, ない, 関係",33
"言う, 関係",36
"ない, 言う, 関係",37
"人, 思う, 関係",33
"ない, 人, 思う, 関係",39
"ない, 人, 関係",48
"思う, 関係",89
"ない, 思う, 関係",81
"ない, 関係",171
"ない, ない, 関係",59
"わかる, 面白い",31
"言う, 面白い",31
"くる, 面白い",33
"読む, 面白い",34
"みる, 面白い",34
"観る, 面白い",36
"人, 面白い",47
"ない, 面白い",71
"ない, 思う, 面白い",31
"思う, 面白い",73
"いい, もらう",36
"もらう, 人",37
"ない, もらう",50
"もらう, 言う",53
"もらう, 思う",57
"殺す, 自分",32
"殺す, 殺す",35
"死ぬ, 殺す",46
"いい, 殺す",46
"いい, ない, 殺す",31
"思う, 殺す",58
"人, 殺す",68
"ない, 殺す",70
"ない, 殺す, 自民党",30
"殺す, 自民党",95
"みる, ドラマ",31
"ドラマ, 的",31
"ドラマ, 見る",39
"ない, ドラマ",49
"ドラマ, 人",50
"ドラマ, 思う",60
"反対, 札幌, 東京",40
"五輪, 反対, 札幌, 東京",117
"五輪, 札幌, 東京",72
"五輪, 五輪, 札幌, 東京",70
"ない, 反対, 札幌",35
"ない, 五輪, 反対, 札幌",104
"ない, 五輪, 札幌",47
"ない, 五輪, 五輪, 札幌",53
"人, 札幌",42
"反対, 思う, 札幌",49
"五輪, 反対, 思う, 札幌",109
"五輪, 思う, 札幌",67
"五輪, 五輪, 思う, 札幌",52
"ニュース, 札幌",48
"五輪, 年, 札幌, 札幌",80
"五輪, 反対, 年, 札幌, 札幌",176
"反対, 年, 札幌, 札幌",120
"反対, 反対, 年, 札幌, 札幌",76
"五輪, 五輪, 年, 札幌",32
"五輪, 五輪, 反対, 年, 札幌",74
"五輪, 反対, 年, 札幌",208
"五輪, 反対, 反対, 年, 札幌",144
"反対, 年, 札幌",139
"反対, 反対, 年, 札幌",89
"五輪, 五輪, 五輪, 札幌, 札幌",31
"五輪, 五輪, 五輪, 反対, 札幌, 札幌",79
"五輪, 五輪, 反対, 札幌, 札幌",187
"五輪, 五輪, 反対, 反対, 札幌, 札幌",142
"五輪, 反対, 札幌, 札幌",259
"五輪, 反対, 反対, 札幌, 札幌",173
"反対, 札幌, 札幌",129
"反対, 反対, 札幌, 札幌",80
"反対, 反対, 反対, 札幌",30
"五輪, 反対, 反対, 反対, 札幌",67
"五輪, 反対, 反対, 札幌",230
"五輪, 五輪, 反対, 反対, 札幌",188
"五輪, 反対, 札幌",367
"五輪, 五輪, 反対, 札幌",259
"五輪, 札幌",217
"五輪, 五輪, 札幌",131
"伊吹, 的",31
"さん, 伊吹",33
"伊吹, 話",34
"人, 伊吹",35
"伊吹, 言う",41
"伊吹, 伊吹",44
"伊吹, 伊吹, 志摩",38
"伊吹, 思う",45
"伊吹, 志摩, 思う",33
"ない, 伊吹",67
"ない, 伊吹, 志摩",40
"伊吹, 志摩",124
"伊吹, 志摩, 志摩",36
"中止, 何, 求める",32
"中止, 五輪, 何, 求める",60
"中止, 中止, 何, 東京, 求める",48
"中止, 中止, 五輪, 何, 東京, 求める",96
"中止, 中止, 中止, 何, 東京, 求める",32
"中止, 中止, 中止, 五輪, 何, 東京, 求める",32
"中止, 五輪, 何, 東京, 求める",121
"中止, 五輪, 五輪, 何, 東京, 求める",85
"五輪, 何, 東京, 求める",73
"五輪, 五輪, 何, 東京, 求める",61
"五輪, 何, 求める",36
"やる, 中止, 東京, 東京, 求める",41
"やる, 中止, 五輪, 東京, 東京, 求める",118
"やる, 中止, 五輪, 東京, 求める",168
"やる, 中止, 五輪, 五輪, 東京, 求める",143
"やる, 中止, 五輪, 求める",78
"やる, 中止, 五輪, 五輪, 求める",57
"やる, 東京, 求める",42
"やる, 五輪, 東京, 求める",110
"やる, 五輪, 求める",48
"やる, 五輪, 五輪, 求める",40
"もの, 求める",37
"ない, もの, 求める",32
"求める, 的",40
"五輪, 求める, 的",33
"中止, 人, 東京, 東京, 東京, 求める",35
"中止, 五輪, 人, 東京, 東京, 東京, 求める",135
"中止, 五輪, 人, 東京, 東京, 求める",257
"中止, 五輪, 五輪, 人, 東京, 東京, 求める",337
"中止, 五輪, 人, 東京, 求める",247
"中止, 五輪, 五輪, 人, 東京, 求める",275
"中止, 五輪, 人, 求める",93
"中止, 五輪, 五輪, 人, 求める",87
"人, 東京, 東京, 求める",49
"五輪, 人, 東京, 東京, 求める",166
"五輪, 人, 東京, 求める",155
"五輪, 五輪, 人, 東京, 求める",175
"五輪, 人, 求める",57
"五輪, 五輪, 人, 求める",55
"られる, 求める",44
"られる, 中止, 求める",31
"中止, 中止, 思う, 東京, 求める",58
"中止, 中止, 五輪, 思う, 東京, 求める",130
"中止, 五輪, 思う, 東京, 求める",182
"中止, 五輪, 五輪, 思う, 東京, 求める",130
"五輪, 思う, 東京, 求める",96
"五輪, 五輪, 思う, 東京, 求める",68
"中止, 中止, 思う, 求める",32
"中止, 中止, 五輪, 思う, 求める",68
"中止, 五輪, 思う, 求める",97
"中止, 五輪, 五輪, 思う, 求める",65
"五輪, 思う, 求める",57
"五輪, 五輪, 思う, 求める",40
"ない, 中止, 東京, 東京, 求める",58
"ない, 中止, 五輪, 東京, 東京, 求める",164
"ない, 中止, 五輪, 東京, 求める",195
"ない, 中止, 五輪, 五輪, 東京, 求める",173
"ない, 中止, 五輪, 求める",83
"ない, 中止, 五輪, 五輪, 求める",64
"ない, 東京, 東京, 求める",32
"ない, 五輪, 東京, 東京, 求める",100
"ない, 五輪, 東京, 求める",122
"ない, 五輪, 五輪, 東京, 求める",120
"ない, 五輪, 求める",55
"ない, 五輪, 五輪, 求める",45
"中止, 中止, 中止, 東京, 東京, 求める",73
"中止, 中止, 中止, 五輪, 東京, 東京, 求める",176
"中止, 中止, 中止, 五輪, 東京, 求める",318
"中止, 中止, 中止, 五輪, 五輪, 東京, 求める",236
"中止, 中止, 中止, 五輪, 求める",154
"中止, 中止, 中止, 五輪, 五輪, 求める",111
"中止, 中止, 東京, 東京, 東京, 求める",40
"中止, 中止, 五輪, 東京, 東京, 東京, 求める",140
"中止, 中止, 五輪, 東京, 東京, 求める",541
"中止, 中止, 五輪, 五輪, 東京, 東京, 求める",549
"中止, 中止, 五輪, 東京, 求める",750
"中止, 中止, 五輪, 五輪, 東京, 求める",661
"中止, 中止, 五輪, 求める",329
"中止, 中止, 五輪, 五輪, 求める",268
"中止, 東京, 東京, 東京, 求める",79
"中止, 五輪, 東京, 東京, 東京, 求める",282
"中止, 五輪, 東京, 東京, 求める",859
"中止, 五輪, 五輪, 東京, 東京, 求める",946
"中止, 五輪, 東京, 求める",1101
"中止, 五輪, 五輪, 東京, 求める",1038
"中止, 五輪, 求める",480
"中止, 五輪, 五輪, 求める",405
"東京, 東京, 東京, 求める",43
"五輪, 東京, 東京, 東京, 求める",154
"五輪, 東京, 東京, 求める",452
"五輪, 五輪, 東京, 東京, 求める",506
"五輪, 東京, 求める",586
"五輪, 五輪, 東京, 求める",553
"五輪, 求める",272
"五輪, 五輪, 求める",225
"みたい, 受ける",31
"くる, 受ける",31
"受ける, 死ぬ",32
"受ける, 差別",37
"ない, 受ける, 差別",45
"何, 受ける",38
"受ける, 言う",39
"いう, 受ける",40
"受ける, 思う",59
"られる, 受ける",64
"人, 受ける",76
"ない, 人, 受ける",36
"ない, 受ける",88
"ない, ない, 受ける",39
"人, 顔",35
"ない, 顔",37
"思う, 顔",38
"好き, 顔",43
"みたい, 顔",44
"いい, 次",32
"いい, 二, 次",38
"わかる, 次",36
"わかる, 二, 次",51
"もの, 次",37
"もの, 二, 次",47
"次, 言う",44
"二, 次, 言う",39
"みたい, 次",46
"みたい, 二, 次",54
"思う, 次",58
"二, 思う, 次",58
"やる, 次",60
"やる, 二, 次",91
"人, 次",63
"二, 人, 次",75
"ない, 次",74
"ない, 二, 次",76
"二, 次",216
"二, 二, 次",43
"みたい, 声",30
"さん, 声",35
"声, 言う",40
"人, 声",44
"声, 思う",50
"ない, 声",52
"わたし, 苦手",31
"わかる, 苦手",37
"わかる, わかる, 苦手",41
"的, 苦手",39
"ない, 苦手",44
"思う, 苦手",50
"人, 苦手",52
"好き, 苦手",60
"いい, うち",30
"うち, くる",35
"うち, 思う",58
"うち, ない, 思う",30
"うち, 人",59
"うち, 言う",60
"うち, ない",76
"くる, 年",30
"何, 年",30
"ない, 年",31
"年, 言う",32
"五輪, 年",39
"五輪, 反対, 年",82
"反対, 年",55
"反対, 反対, 年",35
"年, 思う",58
"前, 年",60
"さん, 観る",30
"好き, 観る",32
"人, 観る",32
"気, 観る",36
"いい, 観る",42
"観る, 観る",54
"ない, 観る",69
"ない, 映画, 観る",31
"思う, 観る",74
"映画, 観る",85
"よう, 違う",30
"言う, 違う",51
"人, 違う",61
"ない, 違う",74
"ない, 思う, 違う",36
"思う, 違う",102
"とこ, 的",31
"とこ, みたい",31
"いい, とこ",36
"とこ, 人",38
"とこ, ない",57
"とこ, 思う",58
"くる, 最近",30
"最近, 見る",31
"いい, 最近",39
"人, 最近",44
"ない, 最近",51
"思う, 最近",82
"人間, 生きる",33
"ため, 生きる",33
"よう, 生きる",36
"生きる, 自分",38
"くる, 生きる",43
"死ぬ, 生きる",47
"人, 生きる",52
"ない, 生きる",74
"思う, 生きる",78
"世界, 何",30
"いい, 世界",32
"世界, 自分",32
"みたい, 世界",34
"世界, 言う",46
"世界, 的",51
"世界, 思う",57
"世界, 人",62
"ない, 世界",79
"ファン, 的",30
"みたい, ファン",31
"いい, ファン",32
"わたし, ファン",32
"ファン, 見る",38
"ファン, 言う",42
"○, ファン",42
"○, ○, ファン",430
"ファン, 人",52
"ない, ファン",64
"ファン, 思う",73
"ない, なに",49
"これ, なに",54
"いい, 中止, 東京",53
"いい, 中止, 五輪, 東京",121
"いい, 中止, 五輪",62
"いい, 中止, 五輪, 五輪",45
"られる, 中止, 中止, 東京",55
"られる, 中止, 中止, 五輪, 東京",109
"られる, 中止, 中止, 五輪",56
"られる, 中止, 東京",54
"られる, 中止, 五輪, 東京",108
"られる, 中止, 五輪",59
"られる, 中止, 五輪, 五輪",31
"中止, 何, 東京, 東京",30
"中止, 五輪, 何, 東京, 東京",73
"中止, 五輪, 何, 東京",121
"中止, 五輪, 五輪, 何, 東京",85
"中止, 五輪, 何",61
"中止, 五輪, 五輪, 何",39
"ない, 中止, 東京, 東京",49
"ない, 中止, 五輪, 東京, 東京",146
"ない, 中止, 五輪, 東京",178
"ない, 中止, 五輪, 五輪, 東京",164
"ない, 中止, 五輪",79
"ない, 中止, 五輪, 五輪",61
"やる, 中止, 東京, 東京",39
"やる, 中止, 五輪, 東京, 東京",114
"やる, 中止, 五輪, 東京",163
"やる, 中止, 五輪, 五輪, 東京",139
"やる, 中止, 五輪",81
"やる, 中止, 五輪, 五輪",57
"中止, 人, 東京, 東京",61
"中止, 五輪, 人, 東京, 東京",203
"中止, 五輪, 人, 東京",208
"中止, 五輪, 五輪, 人, 東京",215
"中止, 五輪, 人",89
"中止, 五輪, 五輪, 人",71
"中止, 中止, 思う, 東京",53
"中止, 中止, 五輪, 思う, 東京",115
"中止, 中止, 五輪, 思う",61
"中止, 中止, 五輪, 五輪, 思う",39
"中止, 思う, 東京, 東京",31
"中止, 五輪, 思う, 東京, 東京",74
"中止, 五輪, 思う, 東京",154
"中止, 五輪, 五輪, 思う, 東京",102
"中止, 五輪, 思う",86
"中止, 五輪, 五輪, 思う",51
"中止, 中止, 中止, 東京, 東京",67
"中止, 中止, 中止, 五輪, 東京, 東京",158
"中止, 中止, 中止, 五輪, 東京",300
"中止, 中止, 中止, 五輪, 五輪, 東京",215
"中止, 中止, 中止, 五輪",148
"中止, 中止, 中止, 五輪, 五輪",104
"中止, 中止, 東京, 東京",147
"中止, 中止, 五輪, 東京, 東京",391
"中止, 中止, 五輪, 東京",606
"中止, 中止, 五輪, 五輪, 東京",496
"中止, 中止, 五輪",283
"中止, 中止, 五輪, 五輪",214
"中止, 東京, 東京, 東京",49
"中止, 五輪, 東京, 東京, 東京",176
"中止, 五輪, 東京, 東京",613
"中止, 五輪, 五輪, 東京, 東京",649
"中止, 五輪, 東京",874
"中止, 五輪, 五輪, 東京",771
"中止, 五輪",419
"中止, 五輪, 五輪",319
"回, 見る",36
"人, 回",45
"人, 回, 思う",32
"回, 目",45
"一, 回",57
"ない, 回",59
"回, 思う",64
"何, 回, 思う",33
"回, 言う",68
"何, 回, 言う",70
"何, 回",102
"みたい, 志摩",30
"志摩, 的",33
"人, 志摩",34
"○, 人, 志摩",32
"志摩, 自分",35
"志摩, 言う",38
"志摩, 思う, 話",43
"○, 志摩, 話",120
"○, ○, 志摩, 話",3541
"好き, 志摩",48
"ない, 志摩, 思う",33
"○, ない, 志摩",59
"○, ○, ない, 志摩",1711
"志摩, 志摩",63
"志摩, 志摩, 思う",31
"志摩, 思う",100
"○, 志摩",195
"○, ○, 志摩",4940
"見る, 頭",30
"自分, 頭",34
"言う, 頭",37
"いい, 頭",38
"人, 頭",50
"ない, 頭",57
"思う, 頭",75
"女性, 性",30
"いう, 女性",33
"女性, 話",35
"女性, 女性",35
"女性, 的",58
"女性, 差別, 的",32
"女性, 差別, 差別",30
"ない, 女性, 差別",40
"人, 女性",66
"人, 女性, 言う",30
"女性, 言う",66
"ない, 女性, 言う",33
"女性, 思う",78
"ない, 女性",94
"やる, 理解",31
"意味, 理解",33
"いい, 理解",33
"人, 理解, 理解",30
"できる, 人, 理解, 理解",86
"人, 理解, 理解, 理解",37
"できる, 人, 理解, 理解, 理解",37
"理解, 理解, 理解",36
"できる, 理解, 理解, 理解",108
"理解, 理解, 理解, 理解",35
"できる, 理解, 理解, 理解, 理解",35
"できる, 理解, 理解",82
"できる, できる, 理解, 理解",76
"いう, 理解",34
"何, 理解",34
"理解, 的",35
"もの, 理解",37
"理解, 自分",39
"理解, 言う",60
"できる, 理解, 言う",47
"わかる, 理解",61
"できる, わかる, 理解",35
"ない, 人, 理解",30
"できる, 人, 理解",73
"できる, できる, 人, 理解",50
"ない, 思う, 理解",34
"できる, 思う, 理解",47
"ない, 理解",96
"できる, ない, 理解",65
"できる, 理解",150
"できる, できる, 理解",54
"まま, わかる",30
"まま, 自分",31
"できる, まま",32
"まま, 言う",33
"まま, 何",38
"まま, 的",38
"いい, まま",44
"いい, まま, 思う",30
"まま, 人",57
"ない, まま",69
"ない, まま, 思う",41
"まま, 思う",87
"いう, 三",30
"三, 何",31
"三, 何, 安倍",35
"三, 的",35
"三, 言う",37
"三, 安倍, 言う",36
"三, 死ぬ",39
"三, 安倍, 死ぬ",60
"三, 人",49
"三, 人, 安倍",33
"ない, 三, 反対",31
"ない, 三, 反対, 安倍",37
"ない, 三, 安倍",53
"やる, 三, 反対",53
"やる, 三, 反対, 安倍",81
"やる, 三, 安倍",75
"三, 思う",73
"三, 安倍, 思う",72
"三, 反対, 反対",33
"三, 反対, 反対, 安倍",56
"三, 反対, 安倍",172
"三, 反対, 安倍, 安倍",80
"三, 安倍",239
"三, 安倍, 安倍",70
"くん, 見る",31
"くん, 好き",31
"くん, さん",34
"くん, 思う",35
"○, くん, ない",41
"○, ○, くん, ない",820
"○, ○, くん",820
"○, ○, ○, くん",10660
"くん, ない",42
"いい, くん",45
"わかる, わし",31
"○, わかる, わし",30
"くる, わし",31
"いう, わし",32
"いい, わし",33
"やる, わし",33
"○, わし",42
"○, ○, わし",501
"わし, 言う",43
"わし, 人",57
"ない, わし",81
"ない, わし, 思う",31
"わし, 思う",91
"寝る, 思う",35
"寝る, 寝る",46
"いい, だめ",30
"だめ, だめ, みたい",32
"だめ, だめ, みたい, 差別",80
"だめ, だめ, 差別",40
"だめ, だめ, 差別, 差別",60
"だめ, 言う",31
"だめ, みたい",32
"だめ, みたい, 差別",41
"だめ, 差別",32
"だめ, 差別, 差別",40
"だめ, ない",43
"だめ, 思う",66
"やる, 社会",30
"いう, 社会",32
"人間, 社会",32
"性, 社会",32
"わけ, 社会",32
"ない, わけ, 社会",30
"さ, 社会",33
"何, 社会",34
"差別, 社会",37
"できる, 社会",40
"よう, 社会",40
"よう, 思う, 社会",30
"いい, 社会",43
"いい, 思う, 社会",33
"社会, 自分",46
"ない, 社会, 自分",34
"社会, 言う",52
"ない, 社会, 言う",33
"人, 思う, 社会",38
"ない, 人, 社会",41
"的, 社会",90
"ない, 的, 社会",30
"思う, 社会",108
"ない, 思う, 社会",65
"ない, 社会",113
"ない, ない, 社会",39
"うまい, 食う",31
"ない, 言う, 食う",30
"気, 言う, 食う",31
"いい, 食う",36
"買う, 食う",37
"もの, 食う",43
"思う, 食う",49
"人, 食う",54
"気, 食う",59
"ない, 食う",69
"いい, 怖い",31
"怖い, 話",31
"いう, 怖い",31
"すぎる, 怖い",34
"怖い, 言う",40
"何, 怖い",42
"怖い, 怖い",42
"ない, 怖い",59
"怖い, 思う",60
"人, 怖い",68
"アホ, 何",33
"やる, アホ",34
"アホ, 自分",34
"アホ, 思う, 自分",33
"アホ, 人",40
"アホ, アホ",47
"アホ, アホ, 思う",31
"みたい, アホ",50
"ない, アホ",62
"アホ, 言う",63
"アホ, 思う",91
"よう, バカ",30
"バカ, 自分",30
"られる, バカ",30
"やる, バカ",36
"いい, バカ",36
"バカ, 人",37
"バカ, 人, 言う",35
"くる, バカ",39
"みたい, バカ",42
"バカ, 的",56
"バカ, バカ, 的",33
"バカ, 思う, 言う",42
"バカ, バカ, 思う, 言う",53
"バカ, バカ, 言う",44
"ない, バカ",72
"ない, バカ, 思う",32
"バカ, バカ, 思う",41
"バカ, バカ, バカ",43
"バカ, 思う",96
"せい, 言う",35
"せい, 自分",36
"くる, せい",36
"せい, 死ぬ",36
"せい, 的",41
"○, せい",54
"○, ○, せい",1431
"せい, ない",64
"せい, 人",72
"せい, 思う",80
"みたい, 家",32
"家, 的",32
"家, 自分",34
"いい, 家",38
"家, 言う",40
"人, 家",50
"家, 思う",62
"ない, 家, 思う",35
"ない, 家",69
"的, 終わる",30
"わかる, 終わる",31
"終わる, 言う",31
"人, 終わる",36
"いい, 終わる",41
"何, 終わる",57
"ない, 終わる",76
"ない, 思う, 終わる",30
"思う, 終わる",78
"いう, 映画",30
"映画, 映画",34
"人, 映画",36
"くる, 映画",38
"みたい, 映画",38
"映画, 言う",38
"ない, 映画, 言う",33
"いい, 映画",40
"映画, 見る",41
"好き, 映画",47
"みる, 映画",48
"ない, 映画",75
"ない, 思う, 映画",31
"思う, 映画",80
"何, 時間",30
"いう, 時間",31
"人, 時間",33
"時間, 時間",35
"日, 日, 時間",37
"日, 日, 時間, 時間",90
"日, 時間, 時間",63
"日, 時間, 時間, 時間",81
"思う, 時間",49
"ない, 時間",62
"批判, 自分",31
"いい, 批判",34
"批判, 見る",35
"何, 批判",40
"よう, 批判",41
"もの, 批判",43
"それ, 批判",43
"わけ, 批判",48
"ない, わけ, 批判",38
"いう, 批判",50
"いう, ない, 批判",31
"ない, 問題, 批判, 批判",36
"ない, 問題, 問題, 批判, 批判",63
"問題, 問題, 批判, 批判",54
"問題, 問題, 問題, 批判, 批判",63
"ない, 問題, 批判",40
"ない, 問題, 問題, 批判",63
"問題, 問題, 批判",55
"問題, 問題, 問題, 批判",63
"批判, 批判",53
"ない, 差別, 批判",32
"ない, 差別, 批判, 言う",33
"差別, 批判, 言う",42
"差別, 差別, 批判",42
"みたい, 批判",57
"批判, 的",64
"人, 批判",82
"人, 批判, 言う",45
"ない, 思う, 批判",38
"ない, 批判, 言う",45
"思う, 批判",100
"思う, 批判, 言う",30
"批判, 言う",105
"国, 言う",30
"国, 自分",30
"いい, 国",33
"くる, 国",33
"みたい, 国",34
"国, 日本",37
"やる, 国",37
"何, 国",41
"国, 死ぬ",43
"人, 国",51
"国, 的",53
"国, 思う",81
"ない, 国, 思う",37
"ない, 国",97
"でる, 何",30
"でる, みたい",30
"でる, 言う",31
"いう, でる",33
"いう, でる, 読む",31
"でる, 死ぬ",50
"でる, 思う",58
"でる, 思う, 読む",31
"でる, 人",59
"でる, ない",69
"でる, ない, 読む",50
"でる, 読む",99
"でる, 読む, 読む",63
"これ, ニュース",32
"ない, ニュース",34
"ニュース, 見る",44
"ニュース, 人",55
"ニュース, 五輪",55
"ニュース, 思う",57
"出す, 的",32
"いう, 出す",33
"みたい, 出す",36
"何, 出す",40
"やる, 出す",40
"いい, 出す",44
"くる, 出す",45
"出す, 言う",63
"出す, 思う",64
"人, 出す",65
"ない, 出す",78
"っぽい, 何",30
"っぽい, 的",32
"さ, っぽい",33
"っぽい, 言う",33
"それ, っぽい",33
"っぽい, 好き",34
"いう, っぽい",39
"っぽい, もの",43
"っぽい, みたい",44
"っぽい, 人",73
"っぽい, ない, 人",39
"っぽい, 思う",75
"っぽい, ない",90
"いい, 自民党",30
"何, 自民党",32
"自分, 自民党",36
"自民党, 言う",36
"的, 自民党",37
"やる, 自民党",38
"みたい, 自民党",38
"くる, 自民党",41
"日本, 自民党",42
"死ぬ, 自民党",42
"自民党, 自民党",45
"人, 自民党",48
"ない, 自民党",90
"ない, 思う, 自民党",34
"思う, 自民党",94
"くる, 多い",30
"いい, 多い",34
"みたい, 多い",37
"多い, 的",38
"すぎる, 多い",49
"多い, 言う",52
"人, 多い, 言う",35
"ない, 多い, 思う",43
"ない, 人, 多い, 思う",30
"ない, 人, 多い",54
"多い, 思う",108
"人, 多い, 思う",60
"人, 多い",141
"人, 人, 多い",44
"つらい, つらい",31
"すぎる, つらい",49
"つらい, 人",49
"つらい, ない",64
"つらい, 思う",66
"く, わかる",30
"いう, く",33
"いう, く, く",32
"く, キモ",33
"○, く, キモ",48
"いい, く",34
"く, 人",38
"く, 言う",39
"く, やる",44
"く, く, やる",42
"く, くる",46
"○, く",48
"○, ○, く",1128
"く, 思う",57
"く, ない",63
"く, く",112
"く, く, く",153
"くる, 尾形",34
"いい, 尾形",36
"いい, ない, 尾形",30
"いう, 尾形",36
"○, いう, 尾形",90
"尾形, 言う",37
"尾形, 思う, 的",34
"ない, 尾形, 思う, 的",51
"ない, 尾形, 的",45
"何, 尾形",53
"ない, 尾形, 尾形",30
"尾形, 尾形, 思う",33
"好き, 尾形",66
"好き, 好き, 尾形",39
"尾形, 思う",90
"ない, 尾形, 思う",54
"ない, 尾形",98
"○, 尾形",164
"○, ○, 尾形",3605
"たち, 責任",30
"たち, 自分, 責任",36
"感染, 責任",30
"もの, 責任",30
"これ, 責任",32
"者, 責任",32
"やる, 責任",35
"できる, 責任",36
"くる, 責任",37
"くる, 自分, 責任",32
"られる, 責任",39
"いい, 責任",42
"いう, 責任",44
"的, 責任",44
"何, 責任",46
"ない, 何, 責任",38
"みたい, 責任",48
"死ぬ, 責任",54
"死ぬ, 責任, 責任",40
"人, 責任",67
"ない, 人, 責任",33
"言う, 責任, 責任",39
"ない, 言う, 責任, 責任",34
"自分, 責任, 責任",44
"責任, 責任, 責任",45
"ない, 責任, 責任, 責任",43
"ない, 責任, 責任",50
"思う, 言う, 責任",32
"自分, 言う, 責任",38
"ない, 言う, 責任",60
"思う, 思う, 責任",31
"ない, 思う, 責任",36
"思う, 自分, 責任",42
"自分, 責任",104
"ない, 自分, 責任",38
"ない, 責任",131
"ない, ない, 責任",40
"自分, 見える",31
"しまう, 見える",31
"できる, 見える",32
"わたし, 見える",33
"見える, 見る",37
"的, 見える",38
"くる, 見える",40
"みたい, 見える",40
"何, 見える",41
"見える, 見える",43
"いい, 見える",44
"見える, 言う",49
"もの, 見える",61
"よう, 見える",81
"ない, よう, 見える",32
"思う, 見える",83
"ない, 思う, 見える",37
"ない, 人, 見える",36
"人, 人, 見える",37
"ない, 見える",97
"ない, ない, 見える",35
"やる, 描く",30
"わたし, 描く",30
"さ, 描く",31
"くる, 描く",32
"わけ, 描く",32
"できる, 描く",40
"それ, 描く",40
"いう, 描く",42
"何, 描く",43
"わかる, 描く",44
"いい, 描く",46
"描く, 言う",46
"みたい, 描く",50
"人, 描く",57
"描く, 的",64
"思う, 描く, 的",37
"描く, 描く",70
"もの, 描く, 描く",51
"ない, 思う, 描く",47
"ない, もの, 思う, 描く",31
"もの, 思う, 描く",49
"もの, もの, 描く",41
"ない, もの, 描く",60
"ない, 描く",122
"ない, ない, 描く",34
"みたい, 日",30
"いう, 日",30
"一, 日",32
"日, 言う",33
"日, 買う",36
"人, 日",41
"ない, 日",55
"思う, 日",56
"日, 日",63
"いい, つく",34
"つく, みたい",35
"いう, つく",36
"つく, 的",37
"くる, つく",42
"つく, 言う",49
"つく, 何",51
"つく, 人",63
"つく, 思う",68
"つく, ない",86
"女, 見る",30
"られる, 女",32
"わかる, 女",33
"いい, 女",34
"いい, せる, 女",34
"できる, 女",35
"やる, 女",35
"わけ, 女",37
"ない, わけ, 女",30
"女, 好き",40
"女, 自分",40
"人間, 女, 女",31
"ない, 人間, 女, 女",33
"ない, 人間, 女",32
"何, 女",43
"くる, 女",44
"もの, 女",45
"さ, 女",47
"せる, 女",50
"みたい, 女",53
"人, 女",58
"人, 女, 思う",33
"女, 的",59
"ない, 女, 的",34
"いう, 女",61
"いう, 女, 女",39
"女, 言う",66
"女, 女, 思う",38
"ない, 女, 思う",51
"女, 女, 女",37
"ない, 女, 女",51
"ない, 女",117
"ない, ない, 女",41
"あれ, みる",30
"あれ, くる",35
"あれ, 話",35
"○, あれ, 話",61
"あれ, 見る",36
"あれ, もの",36
"あれ, いい",38
"あれ, 言う",43
"あれ, みたい",43
"あれ, いう",45
"あれ, 的",46
"あれ, 何",47
"あれ, 人",56
"○, あれ",80
"○, ○, あれ",1967
"あれ, ない",85
"あれ, ない, 思う",38
"あれ, 思う",118
"みたい, 作る",30
"作る, 食べる",31
"やつ, 作る",33
"すぎる, 作る",33
"作る, 言う",33
"作る, 自分",37
"これ, 作る",45
"いい, 作る",45
"もの, 作る",53
"うまい, 作る",54
"作る, 思う",57
"人, 作る",57
"ない, 作る",75
"られる, 反対",32
"反対, 死ぬ",33
"反対, 安倍, 死ぬ",44
"これ, 反対",40
"いい, 反対",40
"いい, 人, 反対",35
"反対, 東京",40
"五輪, 反対, 東京",91
"反対, 的",46
"できる, 反対",46
"ない, 反対, 差別",31
"ない, 反対, 差別, 差別",35
"反対, 差別, 差別",44
"反対, 差別, 差別, 差別",31
"ない, 反対, 言う",32
"ない, 五輪, 反対, 言う",46
"五輪, 反対, 言う",53
"五輪, 五輪, 反対, 言う",65
"反対, 思う",63
"五輪, 反対, 思う",51
"人, 人, 反対",33
"ない, 人, 反対",36
"やる, 五輪, 反対",32
"やる, 反対, 安倍",67
"反対, 反対, 安倍",43
"五輪, 反対, 反対",100
"五輪, 五輪, 反対, 反対",79
"ない, 反対, 安倍",32
"ない, 五輪, 反対",54
"ない, 五輪, 五輪, 反対",72
"反対, 安倍",139
"反対, 安倍, 安倍",49
"五輪, 反対",189
"五輪, 五輪, 反対",125
"できる, 性",30
"わけ, 性",32
"ない, わけ, 性",31
"性, 性",37
"性, 自分",37
"もの, 性",38
"くる, 性",38
"みたい, 性",41
"性, 者",41
"いい, 性",47
"性, 言う",57
"差別, 性, 言う",36
"人, 性",62
"ない, 人, 性",38
"思う, 性, 的",30
"差別, 思う, 性, 的",35
"差別, 性, 的",54
"差別, 差別, 性, 的",31
"差別, 思う, 性",46
"ない, 思う, 性",59
"差別, 差別, 性",46
"ない, 差別, 性",64
"ない, 性",148
"ない, ない, 性",41
"キモ, 何",30
"キモ, 安倍",30
"よう, キモ",32
"キモ, 見る",32
"キモ, 人",34
"いい, キモ",35
"くる, キモ",40
"いう, キモ",41
"さ, キモ",42
"キモ, 言う",47
"キモ, 思う",47
"○, キモ",48
"○, ○, キモ",1128
"すぎる, キモ",49
"すぎる, キモ, キモ",36
"ない, キモ",63
"キモ, キモ",109
"いい, 今日",30
"人, 今日",43
"ない, 今日",45
"今日, 思う",49
"やめる, 何",32
"やめる, 差別",32
"ほしい, やめる",41
"やめる, やる",42
"やめる, 人",43
"やめる, 五輪",44
"やめる, 五輪, 五輪",33
"いい, やめる",49
"いい, やめる, 思う",32
"ない, やめる",67
"やめる, 言う",71
"やめる, 思う, 言う",36
"やめる, 思う",99
"わたし, 二",30
"二, 二",30
"いう, 二",30
"二, 何",30
"二, 的",31
"できる, 二",32
"それ, 二",33
"くる, 二",34
"もの, 二",36
"二, 見る",39
"いい, 二",42
"わかる, 二",43
"みたい, 二",62
"二, 言う",62
"やる, 二",67
"やる, 二, 人",31
"ない, 二, 思う",30
"二, 人, 思う",36
"ない, 二",88
"二, 人",122
"二, 人, 人",36
"ほしい, 私",30
"わけ, 私",30
"ない, わけ, 私",30
"わかる, 私",32
"それ, 私",36
"何, 私",36
"しまう, 私",36
"私, 話",37
"的, 私",39
"やる, 私",39
"私, 見る",42
"いい, 私",47
"よう, 私",49
"よう, 差別, 私",44
"くる, 私",52
"私, 私",58
"私, 私, 言う",32
"みたい, 思う, 私",31
"みたい, 私, 言う",45
"差別, 思う, 私",34
"差別, 私, 言う",36
"人, 差別, 私",51
"人, 差別, 差別, 私",57
"差別, 差別, 私",72
"差別, 差別, 差別, 私",47
"思う, 私, 言う",34
"ない, 私, 言う",58
"人, 人, 私",31
"ない, 人, 私",42
"ない, 人, 思う, 私",35
"人, 私, 言う",44
"人, 思う, 私",61
"ない, 私",112
"ない, 思う, 私",61
"思う, 私",122
"目, 自分",31
"何, 目",32
"くる, 目",35
"しまう, 目",35
"いい, 目",35
"目, 見る",36
"いう, 目",39
"目, 言う",39
"みたい, 目",40
"的, 目",47
"人, 目",71
"思う, 目",99
"ない, 目",99
"ない, 思う, 目",40
"これ, 安倍",30
"いう, 安倍",33
"せる, 安倍",34
"できる, 安倍",35
"みたい, 安倍",41
"くる, 安倍",41
"もの, 安倍",42
"いい, 安倍",42
"人, 安倍",47
"やる, 人, 安倍",34
"安倍, 的",48
"何, 安倍",48
"安倍, 言う",52
"安倍, 死ぬ",59
"安倍, 安倍",63
"ない, やる, 安倍",34
"ない, 安倍, 思う",41
"やる, やる, 安倍",45
"やる, やる, 安倍, 思う",42
"やる, 安倍, 思う",54
"安倍, 思う",113
"ちゃん, みたい",30
"ちゃん, みる",32
"ちゃん, 話",33
"ちゃん, 好き",34
"ちゃん, 言う",38
"くる, ちゃん",40
"ちゃん, 人",47
"いい, ちゃん",52
"ちゃん, ちゃん",54
"ちゃん, ない",62
"ちゃん, 思う",64
"仕事, 何",30
"仕事, 仕事",30
"わたし, 仕事",31
"くる, 仕事",32
"仕事, 行く",34
"仕事, 見る",34
"いい, 仕事",37
"みたい, 仕事",42
"やる, 仕事",45
"仕事, 言う",49
"人, 仕事, 言う",35
"できる, 仕事",55
"仕事, 思う",90
"ない, 仕事, 思う",32
"ない, 仕事",98
"ない, 人, 仕事",36
"人, 仕事",102
"人, 人, 仕事",44
"言う, 食べる",32
"いい, 食べる",37
"られる, 食べる",38
"好き, 食べる",38
"もの, 食べる",42
"思う, 食べる",46
"食べる, 食べる",49
"ない, 食べる",74
"うまい, ない, 食べる",31
"うまい, 食べる",82
"何, 感",31
"みたい, 感",31
"くる, 感",32
"わかる, 感",32
"やる, 感",32
"さ, 感",34
"感, 見る",35
"感, 的",35
"感, 自分",36
"いい, 感",36
"いう, 感",40
"感, 言う",48
"人, 感",54
"すごい, 感",58
"思う, 感",74
"ない, 感",119
"東京, 的",30
"五輪, 東京, 的",52
"東京, 死ぬ",30
"五輪, 東京, 死ぬ",62
"東京, 者",34
"五輪, 東京, 者",68
"られる, 東京",35
"られる, 五輪, 東京",60
"みたい, 東京",36
"みたい, 五輪, 東京",49
"東京, 言う",45
"五輪, 東京, 言う",63
"いい, 東京",46
"いい, 五輪, 東京",85
"何, 東京",50
"五輪, 何, 東京",88
"やる, 人, 東京",30
"やる, 五輪, 人, 東京",85
"やる, 五輪, 東京",120
"やる, 五輪, 五輪, 東京",114
"ない, 東京, 東京",31
"ない, 五輪, 東京, 東京",104
"ない, 五輪, 東京",156
"ない, 五輪, 五輪, 東京",162
"人, 東京, 東京",44
"五輪, 人, 東京, 東京",144
"五輪, 人, 東京",162
"五輪, 五輪, 人, 東京",161
"思う, 東京",86
"五輪, 思う, 東京",131
"東京, 東京",125
"五輪, 東京, 東京",363
"五輪, 東京",607
"五輪, 五輪, 東京",497
"使う, 気",30
"よう, 使う",31
"使う, 自分",31
"みる, 使う",34
"みたい, 使う",34
"いう, 使う",35
"わけ, 使う",35
"何, 使う",35
"くる, 使う",36
"使う, 使う",36
"使う, 的",36
"使う, 買う",38
"やつ, 使う",39
"もの, 使う",43
"やる, 使う",43
"使う, 言う",53
"人, 使う, 思う",30
"ない, 人, 使う",33
"いい, 使う",68
"いい, ない, 使う",35
"使う, 思う",90
"ない, 使う, 思う",41
"ない, 使う",126
"これ, たち",31
"これ, たち, 人",33
"それ, たち",32
"たち, 何",32
"たち, 見る",32
"たち, 人, 見る",40
"たち, たち",34
"たち, ため",35
"たち, 差別",36
"たち, よう",39
"たち, よう, 人",37
"たち, られる",40
"たち, やる",40
"たち, もの",41
"たち, 的",42
"たち, みたい",44
"たち, みたい, 人",34
"たち, わたし",45
"たち, わたし, 思う",35
"いい, たち",52
"くる, たち, 人",33
"くる, たち, 自分",36
"たち, ない, 言う",30
"たち, 人, 言う",54
"たち, みんな",91
"たち, ない, ない",30
"たち, ない, 思う",44
"たち, ない, 自分",49
"たち, ない, 人",64
"たち, 自分, 自分",34
"たち, 人, 自分",37
"たち, 思う, 自分",48
"たち, 思う, 思う",30
"たち, 人, 思う",73
"たち, 人, 人, 思う",45
"たち, 人",217
"たち, 人, 人",86
"わたし, マジ",30
"マジ, 的",32
"マジ, 五輪",32
"みたい, マジ",34
"わかる, マジ",36
"くる, マジ",37
"いい, マジ",38
"マジ, 何",39
"やる, マジ",40
"マジ, 無理",44
"マジ, 見る",45
"マジ, 言う",48
"これ, マジ",48
"マジ, 人",63
"マジ, 思う",94
"ない, マジ, 思う",36
"ない, マジ",99
"みたい, 問題",30
"問題, 気",32
"わけ, 問題",34
"問題, 者",35
"いい, 問題",35
"わたし, 問題",38
"やる, 問題",38
"問題, 自分",38
"わかる, 問題",40
"できる, 問題",41
"問題, 考える",43
"いう, 問題",45
"それ, 問題",46
"よう, 問題",55
"問題, 問題",57
"ない, 問題, 問題",35
"何, 問題",58
"ない, 何, 問題",34
"ない, 問題, 差別",34
"問題, 差別, 言う",39
"問題, 差別, 差別, 言う",48
"問題, 差別, 差別",70
"問題, 差別, 差別, 差別",84
"ない, 問題, 的",40
"問題, 思う, 的",49
"人, 問題, 言う",33
"ない, 人, 問題",34
"人, 問題, 思う",43
"問題, 思う, 言う",34
"ない, 問題, 言う",44
"問題, 思う",139
"ない, 問題, 思う",73
"ない, 問題",151
"ない, ない, 問題",36
"くる, 無理",30
"好き, 無理",31
"いい, 無理",33
"みたい, 無理",36
"やる, 無理",37
"いう, 無理",37
"わかる, 無理",39
"これ, 無理",39
"わたし, 無理",39
"何, 無理",40
"五輪, 無理",42
"ない, 五輪, 無理",33
"できる, 無理",42
"すぎる, 無理",43
"無理, 見る",45
"無理, 的",50
"人, 無理",57
"無理, 言う",60
"ない, 無理, 無理",36
"○, 無理, 無理",144
"○, ○, 無理, 無理",3384
"ない, 無理",105
"ない, 思う, 無理",49
"思う, 無理",108
"○, 無理",149
"○, ○, 無理",3394
"これ, 前",30
"わたし, 前",32
"前, 気",32
"前, 的",32
"何, 前",35
"みたい, 前",35
"いう, 前",36
"とき, 前",37
"いい, 前",39
"くる, 前",45
"やる, 前",48
"人, 前",67
"前, 言う",69
"ない, 前",88
"ない, 前, 思う",31
"前, 思う",119
"かわいい, ない",30
"かわいい, 好き",34
"かわいい, 言う",37
"かわいい, くる",38
"かわいい, かわいい",52
"かわいい, 思う",54
"かわいい, さん",63
"られる, 一",31
"できる, 一",31
"わけ, 一",31
"一, 出る",31
"よう, 一",31
"一, 何",34
"一, 的",34
"みる, 一",34
"いい, 一",36
"一, 話",42
"一, 見る",45
"くる, 一",46
"一, 言う",56
"一, 人, 言う",31
"一, 人, 思う",36
"ない, 一, 思う",38
"一, 人, 人",47
"ない, 一, 人",50
"ない, 一",113
"来る, 的",33
"とき, 来る",35
"いい, 来る",35
"何, 来る",36
"これ, 来る",36
"みたい, 来る",39
"いう, 来る",42
"来る, 来る",42
"くる, 来る",45
"来る, 言う",53
"ない, 来る",92
"ない, 思う, 来る",39
"人, 人, 来る",35
"人, 人, 思う, 来る",37
"人, 思う, 来る",53
"思う, 来る",112
"もの, 誰",32
"差別, 誰",34
"気, 誰",36
"わたし, 誰",39
"見る, 誰",39
"死ぬ, 誰",39
"わけ, 誰",39
"ない, わけ, 誰",38
"それ, 誰",41
"これ, 誰",41
"られる, 誰",42
"的, 誰",45
"できる, 誰",45
"よう, 誰",45
"くる, 誰",45
"みたい, 誰",47
"いう, 誰",49
"わかる, 誰",50
"ため, 自分, 言う, 言う, 誰",30
"ため, 自分, 言う, 言う, 言う, 誰",30
"ため, 言う, 言う, 言う, 誰",30
"ため, 自分, 言う, 誰",34
"ため, 自分, 誰",34
"ため, ない, 自分, 誰",40
"ため, ない, 誰",42
"何, 誰",53
"いい, 誰",60
"いい, 言う, 誰",32
"ない, やる, 誰",30
"やる, 人, 誰",30
"やる, 思う, 誰",37
"人, 自分, 誰",36
"思う, 自分, 誰",37
"ない, 自分, 誰",45
"ない, 人, 誰",41
"人, 思う, 誰",48
"人, 言う, 誰",54
"ない, 言う, 誰",45
"思う, 言う, 誰",47
"ない, 誰",127
"ない, 思う, 誰",44
"思う, 誰",138
"聞く, 聞く",30
"やる, 聞く",31
"わたし, 聞く",32
"られる, 聞く",32
"さん, 聞く",33
"知る, 聞く",34
"みたい, 聞く",36
"聞く, 自分",39
"的, 聞く",40
"とき, 聞く",42
"よう, 聞く",46
"ない, よう, 聞く",34
"いう, 聞く",49
"できる, 聞く",58
"できる, 聞く, 言う",31
"いい, 聞く",63
"いい, ない, 聞く",31
"わかる, 聞く",63
"何, 聞く",68
"何, 聞く, 言う",32
"くる, 聞く",71
"人, 聞く, 話",30
"ない, 聞く, 話",32
"人, 思う, 聞く",34
"ない, 人, 聞く",47
"ない, ない, 人, 聞く",30
"聞く, 言う, 言う",30
"ない, 聞く, 言う",42
"思う, 聞く",121
"ない, 思う, 聞く",53
"ない, 聞く",133
"ない, ない, 聞く",33
"しれる, 知る",30
"しれる, 死ぬ",31
"しれる, やる",33
"しれる, 好き",33
"くる, しれる",36
"しれる, 何",37
"しれる, わかる",37
"しれる, それ",37
"しれる, みたい",38
"しれる, できる",39
"しれる, もの",39
"しれる, 的",39
"しれる, よう",40
"しれる, 気",42
"しれる, られる",45
"しれる, わたし",51
"しれる, 見る",54
"しれる, 自分",56
"○, しれる",58
"○, ○, しれる",1653
"しれる, 言う",59
"しれる, 思う, 言う",31
"いい, しれる",73
"しれる, ない, 人",32
"しれる, 人, 思う",34
"しれる, ない",122
"しれる, ない, 思う",85
"しれる, 思う",144
"しれる, 思う, 思う",30
"くれる, 好き",31
"くれる, これ",31
"くれる, とき",31
"くれる, さん",32
"くれる, 買う",32
"くれる, 的",34
"くれる, わたし",37
"くれる, みたい",41
"くる, くれる",50
"くれる, 自分",53
"くれる, 何",53
"いい, くれる",57
"いい, くれる, 言う",31
"くれる, やる",58
"くれる, 人, 思う",34
"くれる, 人, 言う",43
"くれる, 思う",97
"くれる, 思う, 言う",38
"くれる, 言う",98
"くれる, ない, 言う",40
"くれる, ない",104
"られる, 感染",33
"これ, 感染",34
"よう, 感染",36
"わけ, 感染",38
"ない, わけ, 感染",45
"感染, 気",38
"今, 感染",40
"感染, 自分",40
"思う, 感染, 自分",39
"みたい, 感染",41
"感染, 的",45
"くる, 感染",45
"五輪, 感染",46
"わかる, 感染",47
"出る, 感染",47
"いう, 感染",48
"いい, 感染",48
"感染, 言う",51
"感染, 者, 言う",31
"やる, 感染",52
"できる, 感染",52
"せる, 感染",54
"せる, 感染, 感染",50
"ない, 何, 感染",30
"何, 感染, 者",33
"人, 何, 感染, 者",34
"人, 何, 感染",35
"感染, 死ぬ",68
"人, 感染, 死ぬ",38
"感染, 感染, 者",32
"ない, 感染, 感染",34
"人, 感染, 感染",35
"思う, 感染, 感染",38
"感染, 者, 者",31
"人, 感染, 者, 者",35
"ない, 思う, 感染, 者",36
"ない, 人, 思う, 感染, 者",46
"ない, 人, 感染, 者",50
"思う, 感染, 者",52
"人, 思う, 感染, 者",51
"人, 感染, 者",61
"人, 人, 感染, 者",34
"人, 思う, 感染",49
"人, 人, 思う, 感染",38
"ない, 思う, 感染",57
"ない, ない, 感染",36
"ない, 人, 感染",47
"人, 感染",144
"人, 人, 感染",77
"これ, 日本",31
"日本, 見る",31
"日本, 死ぬ",31
"五輪, 日本",31
"何, 日本",32
"日本, 自分",32
"いい, 日本",32
"日本, 者",33
"できる, 日本",34
"よう, 日本",35
"わかる, 日本",38
"もの, 日本",38
"られる, 日本",38
"すぎる, 日本",39
"くる, 日本",45
"それ, 日本",45
"やる, 日本",49
"差別, 差別, 日本",31
"ない, 差別, 差別, 日本",30
"人, 差別, 日本",33
"ない, 人, 差別, 日本",32
"ない, 差別, 日本",37
"いう, 日本",57
"日本, 日本",57
"日本, 的",60
"みたい, 日本",63
"みたい, 人, 日本",30
"日本, 言う",77
"人, 日本, 言う",37
"人, 人, 日本",35
"人, 人, 思う, 日本",35
"ない, 人, 日本",37
"ない, 人, 思う, 日本",36
"人, 思う, 日本",53
"ない, 日本",116
"ない, 思う, 日本",54
"思う, 日本",131
"それ, ところ",31
"そう, ところ",33
"すぎる, ところ",33
"できる, ところ",35
"さん, ところ",36
"ところ, 話",36
"ところ, ところ",36
"ところ, ところ, 好き",30
"いう, ところ",38
"ところ, よう",39
"ところ, わたし",40
"さ, ところ",42
"ところ, わかる",44
"ところ, られる",44
"ところ, 見る",44
"ところ, もの",45
"ところ, 自分",46
"ところ, やる",46
"ところ, みたい",47
"くる, ところ",48
"ところ, 何",55
"ところ, 言う",64
"ところ, 思う, 言う",30
"いい, ところ",68
"ところ, 人",76
"ところ, 人, 思う",36
"ところ, 的",79
"ところ, ない, 的",30
"ところ, ない, 好き",36
"ところ, 好き, 好き",38
"ところ, 思う",140
"ところ, ない, 思う",69
"ところ, ない",167
"ところ, ない, ない",33
"中, 好き",30
"もの, 中",32
"これ, 中",34
"わかる, 中",36
"中, 見る",36
"できる, 中",37
"中, 自分",43
"中, 的",43
"よう, 中",44
"いい, 中",45
"中, 何",46
"みたい, 中",47
"いう, 中",48
"やる, 中",49
"わたし, 中",51
"中, 言う",54
"くる, 中",59
"ない, 中",103
"ない, 中, 思う",51
"中, 思う",124
"中, 人, 思う",57
"中, 人",135
"中, 人, 人",31
"ほう, わたし",30
"しまう, ほう",31
"ほう, もの",34
"ほう, 気",35
"ほう, 見る",37
"○, ほう",37
"○, ○, ほう",666
"ほう, みたい",38
"ほう, わかる",46
"ほう, 何",49
"ほう, やる",49
"いう, ほう",50
"ほう, 的",68
"ほう, 言う",83
"ほう, 人, 思う",30
"いい, ほう, 人",39
"いい, ない, ほう",45
"いい, ない, ほう, 思う",36
"ない, ほう, 思う",51
"ほう, 思う",148
"いい, ほう, 思う",64
"いい, ほう",153
"いく, 見る",30
"いく, られる",30
"いく, 差別",32
"いく, 好き",33
"いく, よう",35
"いく, できる",36
"いく, くる",36
"いく, 考える",37
"いく, しまう",40
"いく, 何",42
"いく, やる",42
"いく, わかる",44
"いく, わたし",45
"いい, いく",45
"いう, いく",46
"いく, もの",47
"いく, もの, 思う",30
"いく, 自分",53
"いく, ない, 自分",31
"いく, 的",57
"いく, 思う, 的",31
"いく, 言う",69
"いく, みたい",73
"いく, 人",80
"いく, 思う",131
"いく, ない, 思う",41
"いく, ない",136
"いく, ない, ない",39
"うまい, もの",30
"うまい, すぎる",30
"うまい, みたい",30
"うまい, わたし",31
"うまい, やつ",32
"うまい, 人",32
"うまい, 的",36
"うまい, 買う",36
"うまい, 何",37
"うまい, 好き",44
"うまい, うまい",66
"うまい, これ",67
"うまい, 思う",74
"うまい, ない, 思う",30
"うまい, ない",97
"られる, 気持ち",30
"できる, 気持ち",32
"さ, 気持ち",32
"さ, 悪い, 気持ち",30
"好き, 気持ち",32
"気, 気持ち",32
"わたし, 気持ち",34
"気持ち, 自分",35
"これ, 気持ち",35
"もの, 気持ち",37
"それ, 気持ち",43
"やる, 気持ち",46
"いい, 気持ち",46
"くる, 気持ち",47
"いう, 気持ち",47
"いう, 悪い, 気持ち",32
"何, 気持ち",52
"気持ち, 見る",52
"悪い, 気持ち, 見る",33
"みたい, 気持ち",55
"気持ち, 的",65
"思う, 気持ち, 的",32
"気持ち, 言う",74
"わかる, 気持ち",91
"ない, わかる, 気持ち",45
"人, 思う, 気持ち",30
"ない, 人, 気持ち",32
"人, 悪い, 気持ち",38
"思う, 悪い, 気持ち",42
"ない, 思う, 気持ち",45
"ない, 気持ち",128
"ない, 悪い, 気持ち",39
"悪い, 気持ち",160
"なん, 意味",30
"られる, 意味",32
"くる, 意味",33
"それ, 意味",35
"意味, 気",36
"もの, 意味",37
"やる, 意味",37
"いう, 意味",49
"意味, 自分",49
"何, 意味",53
"ない, 何, 意味",36
"できる, 意味",55
"みたい, 意味",56
"ない, みたい, 意味",34
"いい, ない, 意味",30
"いい, 思う, 意味",37
"意味, 的",58
"ない, 意味, 言う",33
"思う, 意味, 言う",36
"人, 思う, 意味",34
"ない, 人, 意味",44
"わかる, 思う, 意味",34
"ない, わかる, 意味",48
"思う, 意味",142
"ない, 思う, 意味",78
"ない, 意味",196
"ない, ない, 意味",46
"そう, ちゃう",30
"ちゃう, 好き",32
"ちゃう, やつ",32
"これ, ちゃう",33
"ちゃう, 出る",33
"それ, ちゃう",34
"ちゃう, わたし",38
"ちゃう, 自分",40
"ちゃう, やる",42
"ちゃう, 気",42
"ちゃう, できる",43
"いう, ちゃう",44
"ちゃう, もの",47
"くる, ちゃう",48
"ちゃう, 何",49
"いい, ちゃう",54
"ちゃう, 見る",55
"ちゃう, わかる",58
"ちゃう, 的",60
"ちゃう, みたい",72
"ちゃう, 人",83
"ちゃう, 言う",86
"ちゃう, ない",102
"ちゃう, ない, 思う",35
"ちゃう, 思う",119
"すぎる, 良い",30
"やる, 良い",30
"そう, 良い",31
"これ, 良い",32
"差別, 良い",32
"差別, 差別, 良い",33
"それ, 良い",33
"わかる, 良い",34
"わたし, 良い",37
"よい, 良い",37
"できる, 良い",39
"何, 良い",39
"何, 良い, 言う",32
"気, 良い",40
"くる, 良い",40
"自分, 良い",41
"良い, 良い",42
"悪い, 良い",46
"ない, 悪い, 良い",31
"良い, 見る",47
"いう, 良い",49
"○, いう, 良い",68
"よう, 良い",49
"さん, 良い",52
"的, 良い",53
"ない, 的, 良い",31
"好き, 良い",56
"みたい, 良い",60
"さ, 良い",61
"○, さ, 良い",136
"○, 良い",70
"○, ○, 良い",2279
"もの, 良い",72
"ない, もの, 良い",33
"いい, 良い",72
"いい, 思う, 良い",41
"思う, 良い, 言う",33
"ない, 良い, 言う",33
"良い, 言う, 言う",37
"ない, 人, 良い",34
"人, 思う, 良い",42
"ない, ない, 良い",31
"ない, 思う, 良い",73
"思う, 良い",159
"そう, 感じ",30
"られる, 感じ",31
"それ, 感じ",32
"差別, 感じ",32
"これ, 感じ",33
"しまう, 感じ",34
"感じ, 考える",35
"感じ, 話",35
"やる, 感じ",41
"感じ, 自分",43
"わかる, 感じ",43
"できる, 感じ",44
"とき, 感じ",44
"すごい, 感じ",44
"もの, 感じ",46
"感じ, 気",48
"感じ, 見る",48
"さ, 感じ",49
"さ, ない, 感じ",30
"わたし, 感じ",51
"何, 感じ",53
"好き, 感じ",54
"よう, 感じ",57
"くる, 感じ",62
"感じ, 言う",74
"みたい, 感じ, 言う",35
"感じ, 的",75
"いう, 感じ",76
"いう, ない, 感じ",40
"いい, 感じ",77
"ない, 人, 感じ",31
"人, 思う, 感じ",42
"みたい, 感じ",114
"ない, みたい, 感じ",38
"思う, 感じ",127
"ない, 思う, 感じ",50
"ない, 感じ",150
"ため, 考える",30
"ため, 者",35
"ため, 死ぬ",35
"ため, なん",36
"しまう, ため",37
"ため, 差別",39
"ため, 差別, 差別",51
"ため, 見る",41
"ため, よう",42
"ため, 的",44
"ため, 五輪",44
"ため, わかる",45
"せる, ため",46
"くる, ため",49
"ため, もの",49
"ため, られる",51
"いい, いい, ため, わけ",37
"いい, いい, ため, ない, わけ",37
"いい, ため, ない, わけ",40
"ため, ない, わけ",48
"いう, ため",58
"ため, わたし",59
"ため, わたし, 思う",40
"それ, ため, ない",32
"いい, それ, ため, ない",34
"それ, ため, 自分",35
"いい, それ, ため, 自分",50
"いい, それ, ため",40
"いい, いい, それ, ため",37
"ため, みたい",64
"ため, ため, 思う",32
"ため, ため, ない",36
"ため, ため, ない, 自分",38
"ため, ため, 自分",40
"ため, できる",67
"ため, やる",73
"ため, ない, やる",43
"いい, ため, 思う",38
"いい, ため, ない",44
"いい, ため, ない, 自分",37
"いい, ため, 自分",45
"ため, 思う, 言う",34
"ため, 思う, 言う, 言う",33
"ため, ない, 言う",43
"ため, 自分, 言う",49
"ため, 自分, 言う, 言う",34
"ため, 言う, 言う, 言う",33
"ため, 人, 言う, 言う, 言う",34
"ため, 人, 言う, 言う",46
"ため, 人, 言う",55
"ため, 何",95
"ため, ない, 何",50
"ため, 人, 思う",31
"ため, 人, 自分",39
"ため, ない, 人, 自分",35
"ため, ない, 人",45
"ため, 自分, 自分",40
"ため, ない, 自分, 自分",31
"ため, 思う, 自分",51
"ため, ない, 自分",62
"ため, 思う",148
"ため, ない, 思う",57
"ため, ない",168
"ため, ない, ない",37
"もん, られる",30
"もん, 知る",31
"とき, もん",33
"もん, 話",33
"これ, もん",33
"なん, もん",33
"すごい, もん",36
"もん, 気",36
"もん, 自分",37
"もん, 見る",38
"さ, もん",42
"くる, もん",45
"もん, 何",46
"もん, よう",46
"もん, 的",48
"いう, もん",54
"できる, もん",59
"できる, ない, もん",31
"もの, もん",60
"もん, わかる",67
"いい, もん, 思う",33
"いい, ない, もん",38
"ない, もん, やる",34
"もん, やる, 思う",42
"ない, もん, 言う",31
"もん, 思う, 言う",33
"もん, 人",97
"みたい, もん, 思う",32
"ない, みたい, もん",40
"もん, 思う",148
"ない, もん, 思う",77
"ない, もん",173
"あと, そう",31
"あと, 読む",31
"あと, すぎる",31
"あと, 出る",32
"あと, よう",34
"あと, できる",34
"あと, もの",34
"あと, 買う",36
"あと, さん",37
"あと, 自分",37
"あと, とき",37
"あと, しまう",37
"あと, さ",37
"あと, 気",38
"あと, られる",40
"あと, これ",42
"あと, 見る",42
"あと, いう",43
"あと, わたし",44
"あと, くる",44
"あと, わかる",45
"あと, 何",47
"あと, 話",48
"あと, やる",54
"あと, 好き",59
"あと, 好き, 好き",30
"あと, 言う",60
"あと, 的",63
"あと, いい",63
"あと, みたい",64
"あと, ない, みたい",33
"あと, 人",87
"あと, ない, ない",30
"あと, ない, 思う",48
"あと, 思う",148
"知る, 読む",30
"これ, 知る",31
"人間, 知る",32
"さん, 知る",33
"られる, 知る",37
"やつ, 知る",37
"しまう, 知る",37
"しまう, 差別, 知る",38
"知る, 話",38
"知る, 者",39
"差別, 知る, 者",31
"気, 知る",39
"さ, 知る",43
"わけ, 知る",43
"ない, わけ, 知る",34
"それ, 知る",45
"知る, 自分",48
"よう, 知る",51
"わかる, 知る",52
"やる, 知る",53
"もの, 知る",55
"ない, もの, 知る",32
"みたい, 知る",56
"みたい, 差別, 知る",75
"いい, 知る",57
"いう, 知る",57
"いう, ない, 知る",31
"知る, 見る",57
"思う, 知る, 見る",41
"できる, 知る",58
"わたし, 知る",60
"的, 知る",67
"思う, 的, 知る",31
"何, 知る",70
"ない, 知る, 知る",32
"ない, 差別, 知る, 知る",36
"差別, 知る, 知る",63
"差別, 差別, 知る, 知る",138
"人, 知る, 言う",33
"差別, 知る, 言う",36
"ない, 知る, 言う",39
"ない, 差別, 知る",64
"ない, 差別, 差別, 知る",127
"差別, 差別, 知る",155
"差別, 差別, 差別, 知る",267
"ない, 人, 知る",46
"人, 思う, 知る",58
"思う, 知る",152
"ない, 思う, 知る",58
"ない, 知る",163
"みんな, 者",30
"みんな, 読む",30
"みんな, よう",31
"しまう, みんな",33
"みんな, わけ",35
"ない, みんな, わけ",30
"みんな, わたし",35
"みんな, られる",38
"これ, みんな",39
"みんな, 何",41
"それ, みんな",42
"みんな, 見る",42
"みんな, 好き",44
"みんな, もの",45
"みんな, みんな",48
"できる, みんな",49
"くる, みんな",50
"みんな, わかる",54
"みんな, 的",57
"みんな, 思う, 的",34
"みんな, 死ぬ",62
"いう, みんな",65
"みんな, やる",65
"みたい, みんな",66
"みんな, 自分",71
"ない, みんな, 自分",36
"みんな, 言う",73
"いい, みんな, 思う",38
"いい, ない, みんな",40
"みんな, 人, 人",30
"ない, みんな, 人",30
"みんな, 人, 思う",52
"ない, みんな",130
"ない, みんな, 思う",58
"みんな, 思う",163
"みんな, 思う, 思う",34
"みる, 行く",31
"わかる, 行く",32
"とき, 行く",32
"すぎる, 行く",33
"そう, 行く",34
"行く, 買う",35
"出る, 行く",36
"よう, 行く",36
"しまう, 行く",38
"いう, 行く",38
"みたい, 行く",38
"気, 行く",39
"やる, 行く",41
"的, 行く",46
"行く, 見る",47
"わたし, 行く",52
"くる, 行く",53
"行く, 行く",57
"人, 行く",60
"行く, 言う",60
"いい, 行く",74
"思う, 行く",127
"ない, 思う, 行く",43
"ない, 行く",132
"よい, 自分",30
"みる, よい",31
"できる, よい",31
"よい, よい",32
"よい, よう",33
"よい, 買う",34
"それ, よい",35
"とき, よい",35
"よい, わたし",36
"やつ, よい",37
"よい, 的",37
"やる, よい",38
"さ, よい",38
"すぎる, よい",39
"さん, よい",39
"よい, 見る",40
"いう, よい",43
"しまう, よい",45
"よい, 何",45
"くる, よい",46
"よい, わかる",46
"よい, 好き",47
"みたい, よい",49
"もの, よい",62
"ない, もの, よい",34
"いい, よい",63
"よい, 言う",67
"よい, 人",97
"ない, よい, 人",41
"よい, 思う",118
"ない, よい, 思う",38
"ない, よい",135
"ない, ない, よい",35
"すぎる, せる",30
"せる, わけ",30
"せる, 見る",32
"さ, せる",33
"これ, せる",33
"しまう, せる",35
"せる, 者",36
"せる, 気",36
"せる, それ",37
"せる, それ, ない",30
"せる, わたし",37
"せる, 人間",40
"せる, 死ぬ",40
"せる, わかる",46
"せる, 自分",46
"せる, 思う, 自分",33
"くる, せる",47
"せる, みたい",59
"せる, せる",61
"いい, せる, せる",37
"せる, できる",66
"せる, できる, ない",37
"せる, もの, 思う",35
"せる, ない, もの, 思う",30
"せる, ない, もの",48
"せる, 何",66
"せる, 何, 思う",34
"せる, よう, 思う",38
"せる, ない, よう",45
"いう, せる",68
"いう, せる, ない",44
"せる, ない, 的",30
"せる, 思う, 的",31
"せる, られる",79
"せる, 言う",80
"いい, せる, 人",30
"いい, せる, ない",32
"いい, せる, 思う",33
"せる, ない, やる",31
"せる, やる, やる",37
"せる, やる, 思う",45
"せる, ない, 人",34
"せる, 人, 思う",48
"せる, ない, ない",31
"せる, ない, 思う",68
"せる, 思う",172
"せる, 思う, 思う",37
"すごい, 今",30
"今, 今",31
"今, 話",32
"五輪, 今",32
"みる, 今",32
"今, 好き",33
"しまう, 今",33
"さ, 今",35
"られる, 今",37
"それ, 今",37
"今, 者",38
"今, 出る",38
"もの, 今",40
"今, 考える",42
"今, 読む",42
"今, 気",43
"できる, 今",44
"これ, 今",46
"いう, 今",48
"よう, 今",56
"今, 自分",57
"わかる, 今",59
"とき, 今",59
"やる, 今",59
"わたし, 今",61
"いい, 今",62
"今, 見る",66
"ない, 今, 見る",32
"ない, 今, 的",36
"今, 思う, 的",40
"みたい, 今",75
"みたい, 今, 思う",35
"今, 何, 言う",31
"今, 何, 思う",32
"ない, 今, 何",34
"人, 今, 思う",32
"ない, 人, 今",34
"くる, 今",98
"今, 言う",102
"今, 思う, 言う",31
"今, 思う",176
"ない, 今, 思う",67
"ない, 今",178
"さん, 人間",32
"人間, 話",32
"人間, 見る",37
"しまう, 人間",37
"それ, 人間",38
"すごい, 人間",38
"すぎる, 人間",39
"人間, 考える",41
"くる, 人間",42
"さ, 人間",42
"人間, 気",42
"もの, 人間",42
"人間, 差別",43
"ない, 人間, 差別",37
"これ, 人間, 思う",33
"これ, ない, 人間, 思う",31
"これ, ない, 人間",41
"られる, 人間",52
"わかる, 人間",52
"ない, 人間, 人間",37
"人間, 人間, 思う",40
"わたし, 人間",57
"わけ, 人間, 思う",31
"ない, わけ, 人間",49
"やる, 人間",63
"やる, 人間, 思う",44
"いい, 人間, 死ぬ",30
"人, 人間, 死ぬ",30
"人間, 思う, 死ぬ",42
"みたい, 人間",66
"みたい, 人間, 思う",36
"ない, 人間, 何",36
"人間, 何, 思う",36
"いう, 人間, 思う",35
"いう, ない, 人間",38
"よう, 人間, 思う",35
"ない, よう, 人間",43
"いい, 人間, 思う",32
"いい, ない, 人間",55
"できる, ない, 人間",32
"できる, 人間, 思う",40
"ない, 人間, 的",38
"人間, 思う, 的",44
"ない, 人間, 自分",38
"ない, 人間, 思う, 自分",30
"人間, 思う, 自分",58
"ない, 人間, 言う",38
"人間, 思う, 言う",45
"人, 人, 人間",32
"ない, 人, 人間",62
"ない, 人, 人間, 思う",33
"人, 人間, 思う",75
"ない, ない, 人間",68
"ない, ない, 人間, 思う",38
"ない, 人間, 思う",96
"人間, 思う",241
"人間, 思う, 思う",60
"ほしい, 五輪",31
"いう, 五輪",32
"そう, 五輪",33
"五輪, 見る",36
"これ, 五輪",36
"わたし, 五輪",37
"なん, 五輪",37
"なん, 五輪, 五輪",33
"すぎる, 五輪",41
"五輪, 死ぬ",46
"できる, 五輪",48
"五輪, 者",49
"みたい, 五輪",52
"られる, 五輪",55
"五輪, 言う",64
"五輪, 五輪, 言う",40
"五輪, 的",64
"五輪, 五輪, 的",30
"いい, 五輪, 五輪",35
"いい, 五輪, 思う",42
"五輪, 五輪, 何",37
"ない, 五輪, 何",41
"ない, やる, 五輪",40
"ない, やる, 五輪, 五輪",30
"やる, 五輪, 人",42
"やる, 五輪, 五輪, 人",36
"やる, 五輪, 五輪",57
"ない, 五輪, 人",33
"五輪, 人, 思う",39
"五輪, 五輪, 人",63
"ない, ない, 五輪",30
"ない, 五輪, 思う",39
"ない, 五輪, 五輪",83
"ない, 五輪, 五輪, 五輪",40
"五輪, 思う",153
"五輪, 五輪, 思う",64
"五輪, 五輪",283
"五輪, 五輪, 五輪",95
"すぎる, ほしい",32
"ほしい, 気",32
"なん, ほしい",33
"ほしい, られる",35
"ほしい, よう",36
"ほしい, 好き",37
"ほしい, ほしい",37
"ほしい, みる",39
"できる, ほしい",40
"ほしい, わたし",40
"ほしい, もの",41
"ほしい, 見る",45
"ほしい, みたい",48
"いう, ほしい",49
"ほしい, わかる",51
"ほしい, 自分",53
"くる, ほしい",56
"ほしい, やる",64
"さん, ほしい",66
"ほしい, 的",67
"ない, ほしい, 的",31
"ほしい, 何",67
"ほしい, 何, 言う",30
"いい, ない, ほしい",30
"いい, ほしい, 思う",31
"ない, ほしい, 人",33
"ほしい, 人, 思う",41
"ない, ほしい, 言う",31
"ほしい, 思う, 言う",33
"ほしい, 思う",137
"ない, ほしい, 思う",48
"ない, ほしい",148
"ない, ない, ほしい",36
"とき, 悪い",31
"すごい, 悪い",35
"られる, 悪い",35
"そう, 悪い",38
"よう, 悪い",39
"悪い, 気",42
"やつ, 悪い",43
"しまう, 悪い",46
"悪い, 話",48
"ない, 悪い, 話",39
"やる, 悪い",48
"すぎる, 悪い",49
"できる, 悪い",54
"これ, 悪い",54
"それ, 悪い",55
"さ, 悪い",57
"何, 悪い",59
"何, 悪い, 言う",31
"人, 差別, 悪い",35
"人, 差別, 差別, 悪い",37
"差別, 差別, 悪い",45
"わかる, 悪い",62
"悪い, 自分",63
"悪い, 的",64
"悪い, 見る",65
"思う, 悪い, 見る",37
"いう, 悪い",67
"いい, 悪い",69
"悪い, 悪い",70
"もの, 悪い",71
"もの, 思う, 悪い",31
"わたし, 悪い",73
"わたし, 思う, 悪い",49
"くる, 悪い",76
"みたい, 悪い",79
"ない, 悪い, 言う",38
"思う, 悪い, 言う",41
"人, 悪い, 言う",55
"ない, 人, 悪い",44
"人, 思う, 悪い",51
"ない, ない, 悪い",32
"ない, 思う, 悪い",69
"思う, 悪い",175
"やつ, 者",30
"すごい, 者",30
"すぎる, 者",32
"さん, 者",32
"考える, 者",33
"それ, 者",34
"なん, 者",36
"気, 者",37
"そう, 者",39
"出る, 者",41
"さ, 者",42
"さ, ない, 者",32
"わたし, 者",43
"者, 見る",43
"わけ, 者",44
"わかる, 者",52
"られる, 者",56
"やる, 者",59
"もの, 者",60
"ない, もの, 者",37
"者, 自分",61
"できる, 者",62
"よう, 人, 者",32
"ない, よう, 者",33
"いう, 者",69
"いう, ない, 者",33
"これ, 者",69
"いい, 者",71
"的, 者",71
"くる, 者",80
"思う, 者, 者",30
"何, 者, 者",31
"人, 者, 者",33
"者, 者, 言う",33
"ない, 者, 者",35
"人, 何, 者",40
"人, 何, 思う, 者",35
"ない, 何, 者",47
"何, 思う, 者",47
"ない, みたい, 者",30
"ない, みたい, 差別, 者",31
"みたい, 者, 言う",33
"みたい, 差別, 者",36
"みたい, 差別, 差別, 者",82
"みたい, 思う, 者",42
"人, 差別, 者",30
"ない, 人, 差別, 者",35
"差別, 思う, 者",37
"差別, 者, 言う",54
"差別, 者, 言う, 言う",44
"ない, 差別, 者",75
"ない, 差別, 差別, 者",94
"差別, 差別, 者",93
"差別, 差別, 差別, 者",107
"者, 言う, 言う",31
"人, 者, 言う",33
"思う, 者, 言う",36
"人, 人, 者",56
"人, 人, 思う, 者",51
"人, 思う, 者",88
"ない, 人, 思う, 者",61
"ない, 人, 者",89
"ない, ない, 人, 者",44
"思う, 思う, 者",30
"ない, 思う, 者",95
"ない, ない, 思う, 者",32
"ない, 者",205
"ない, ない, 者",56
"出る, 考える",30
"好き, 考える",32
"なん, 考える",37
"さん, 考える",38
"考える, 話",39
"わけ, 考える",47
"ない, わけ, 考える",39
"さ, 考える",49
"気, 考える",51
"くる, 考える",54
"わたし, 考える",54
"わたし, 思う, 考える",33
"とき, 思う, 考える, 考える",31
"とき, 思う, 考える, 考える, 言う",60
"とき, 考える, 考える, 言う",60
"とき, 考える, 考える, 言う, 言う",30
"とき, ない, 考える, 考える",31
"とき, ない, 思う, 考える, 考える",31
"ない, 思う, 考える, 考える, 言う",31
"とき, ない, 思う, 考える, 考える, 言う",60
"とき, ない, 考える, 考える, 言う",60
"とき, とき, ない, 考える, 考える, 言う",30
"ない, 思う, 考える, 考える",38
"考える, 考える, 言う",33
"思う, 考える, 考える, 言う",32
"思う, 考える, 考える",47
"みたい, 考える",57
"みたい, 人, 考える",31
"とき, 考える",58
"とき, 思う, 考える",31
"考える, 見る",58
"思う, 考える, 見る",32
"人, 差別, 考える",30
"ない, 人, 差別, 考える",31
"差別, 差別, 考える",30
"ない, 差別, 差別, 考える",38
"差別, 思う, 考える",33
"ない, 差別, 考える",40
"できる, 考える",60
"みる, 考える",60
"みる, 思う, 考える",49
"よう, 考える",61
"ない, よう, 考える",30
"やる, 考える",66
"わかる, 考える",68
"られる, 考える",68
"もの, 考える",71
"ない, もの, 考える",32
"これ, 考える",72
"これ, 思う, 考える",31
"いう, ない, 考える",34
"いう, 思う, 考える",36
"ない, 的, 考える",36
"思う, 的, 考える",45
"しまう, 考える",85
"しまう, 人, 考える",38
"いい, 何, 考える",34
"いい, 思う, 考える",39
"いい, ない, 考える",42
"何, 考える, 言う",30
"人, 考える, 言う",35
"思う, 考える, 言う",41
"ない, 考える, 言う",42
"人, 考える, 自分",33
"何, 考える, 自分",33
"思う, 考える, 自分",48
"ない, 考える, 自分",56
"何, 思う, 考える",68
"ない, 何, 思う, 考える",43
"ない, 何, 考える",75
"人, 人, 考える",35
"人, 何, 考える",53
"ない, 人, 何, 考える",37
"ない, 人, 考える",66
"人, 思う, 考える",69
"ない, ない, 考える",41
"ない, 思う, 考える",99
"思う, 考える",225
"思う, 思う, 考える",43
"すぎる, 死ぬ",30
"しまう, 死ぬ",32
"とき, 死ぬ",33
"もの, 死ぬ",38
"わかる, 死ぬ",42
"いう, 死ぬ",45
"これ, 死ぬ",46
"そう, 死ぬ",53
"そう, 死ぬ, 死ぬ",35
"よう, 死ぬ",58
"みたい, 死ぬ",60
"みたい, 人, 死ぬ",32
"死ぬ, 的",60
"人, 死ぬ, 的",30
"られる, 死ぬ",61
"ない, 死ぬ, 自分",34
"思う, 死ぬ, 自分",35
"わけ, 人, 死ぬ",30
"ない, わけ, 人, 死ぬ",43
"ない, わけ, 死ぬ",66
"ない, ない, わけ, 死ぬ",31
"くる, 死ぬ",64
"できる, 死ぬ",66
"やる, 死ぬ",69
"やる, 人, 死ぬ",32
"ない, 何, 死ぬ",32
"人, 何, 死ぬ",44
"死ぬ, 言う",89
"人, 死ぬ, 言う",50
"いい, ない, 死ぬ",43
"いい, 思う, 死ぬ",53
"ない, 死ぬ, 死ぬ",35
"思う, 死ぬ, 死ぬ",46
"人, 死ぬ, 死ぬ",77
"人, 人, 死ぬ, 死ぬ",39
"ない, ない, 死ぬ",33
"ない, 思う, 死ぬ",60
"ない, 人, 死ぬ",61
"思う, 思う, 死ぬ",40
"人, 思う, 死ぬ",67
"人, 人, 思う, 死ぬ",35
"人, 死ぬ",203
"人, 人, 死ぬ",71
"出る, 差別",37
"なん, 差別",37
"ない, なん, 差別",30
"これ, 差別",40
"これ, ない, 差別",32
"ない, やつ, 差別",32
"ない, やつ, 差別, 差別",76
"みたい, みたい, みたい, やつ, 差別",36
"みたい, みたい, みたい, やつ, 差別, 差別",36
"みたい, みたい, やつ, 差別, 差別",90
"みたい, みたい, やつ, 差別, 差別, 差別",102
"みたい, やつ, 差別, 差別",108
"みたい, やつ, 差別, 差別, 差別",180
"やつ, 差別, 差別",66
"やつ, 差別, 差別, 差別",107
"差別, 見る",47
"人, 差別, 気",31
"ない, 人, 差別, 気",30
"ない, 差別, 気",38
"られる, 差別",57
"ない, られる, 差別",34
"わたし, 差別",57
"さ, ない, 差別",37
"さ, みたい, 差別",39
"さ, みたい, みたい, 差別",39
"とき, 差別, 思う",30
"とき, ない, 差別",45
"とき, ない, 人, 差別",51
"とき, 人, 差別",45
"やる, 差別, 思う",31
"ない, やる, 差別",40
"ない, やる, 人, 差別",34
"やる, 人, 差別",40
"できる, 人, 差別",32
"できる, 差別, 差別",33
"できる, 差別, 思う",40
"人, 差別, 話",34
"ない, 人, 差別, 話",35
"ない, 差別, 思う, 話",36
"ない, 差別, 思う, 言う, 話",58
"差別, 思う, 言う, 話",39
"差別, 言う, 話",51
"ない, 差別, 言う, 話",40
"ない, 差別, 話",55
"いう, 差別, 思う",32
"いう, 差別, 差別",37
"いう, ない, 差別, 差別",40
"いう, ない, 差別",62
"いう, ない, ない, 差別",33
"わけ, 差別, 言う",31
"ない, わけ, 差別, 言う",41
"わけ, 差別, 思う",34
"ない, わけ, 差別, 思う",42
"わけ, 人, 差別",40
"ない, わけ, 人, 差別",59
"わけ, 差別, 差別",53
"ない, わけ, 差別, 差別",83
"ない, わけ, 差別",109
"ない, ない, わけ, 差別",63
"しまう, もの, 差別",30
"もの, 差別, 言う",32
"ない, もの, 差別, 言う",40
"もの, 人, 差別",39
"ない, もの, 人, 差別",46
"もの, 差別, 差別",51
"ない, もの, 差別, 差別",53
"ない, もの, 差別",69
"しまう, よう, 差別",32
"しまう, ない, 差別",33
"しまう, ない, 差別, 差別",46
"しまう, 差別, 思う",33
"しまう, みたい, 差別",34
"しまう, みたい, 差別, 差別",76
"しまう, 人, 差別",45
"しまう, 人, 差別, 差別",45
"しまう, 差別, 差別",86
"しまう, 差別, 差別, 差別",110
"それ, わかる, 差別",30
"わかる, 人, 差別",31
"わかる, 差別, 言う",41
"わかる, 差別, 思う",42
"ない, わかる, 差別",52
"わかる, 差別, 差別",55
"わかる, 差別, 差別, 差別",48
"何, 差別, 差別",34
"ない, 何, 差別, 差別",40
"何, 差別, 思う",43
"ない, 何, 差別, 思う",41
"何, 差別, 言う",54
"ない, 何, 差別, 言う",45
"ない, 何, 差別",58
"くる, みたい, 差別",33
"くる, ない, 差別",34
"くる, 差別, 言う",34
"くる, 人, 差別",40
"いい, 人, 差別, 思う",34
"いい, ない, 差別, 思う",35
"いい, 差別, 言う",52
"いい, 差別, 言う, 言う",30
"いい, ない, 差別",57
"いい, 人, 差別",63
"いい, 人, 人, 差別",36
"それ, 差別, 言う",33
"それ, 差別, 思う",42
"それ, 人, 差別, 思う",30
"それ, 差別, 差別",42
"それ, ない, 差別, 差別",53
"それ, 人, 差別",53
"それ, ない, 人, 差別",53
"それ, ない, 差別",69
"人, 差別, 自分",30
"差別, 自分, 言う",30
"差別, 差別, 思う, 自分",33
"ない, 差別, 差別, 自分",39
"差別, 思う, 自分",59
"ない, 差別, 思う, 自分",41
"ない, 差別, 自分",72
"よう, 人, 差別",38
"よう, 人, 差別, 差別",43
"ない, よう, 差別, 思う",36
"ない, よう, 差別, 思う, 言う",52
"ない, よう, 差別, 言う",43
"よう, 差別, 思う, 言う",34
"よう, 差別, 差別, 思う, 言う",30
"よう, 差別, 差別, 言う",35
"よう, 差別, 思う",52
"よう, 差別, 差別, 思う",43
"よう, 差別, 差別",82
"よう, 差別, 差別, 差別",57
"人, 差別, 的",43
"ない, 人, 差別, 的",40
"差別, 差別, 的, 言う",30
"差別, 差別, 思う, 的, 言う",42
"差別, 思う, 的, 言う",48
"差別, 差別, 差別, 的",35
"ない, 差別, 差別, 差別, 的",30
"ない, 差別, 差別, 的",45
"ない, 差別, 差別, 思う, 的",40
"差別, 差別, 思う, 的",53
"差別, 思う, 的",76
"ない, 差別, 思う, 的",48
"ない, 差別, 的",77
"ない, ない, 差別, 的",38
"みたい, 差別, 思う",35
"ない, みたい, 差別, 思う",30
"みたい, 人, 差別",42
"ない, みたい, 人, 差別",51
"みたい, みたい, 差別",47
"みたい, みたい, 差別, 差別",61
"みたい, 差別, 言う",55
"ない, みたい, 差別, 言う",31
"ない, みたい, 差別",82
"ない, みたい, 差別, 差別",98
"みたい, 差別, 差別",126
"みたい, 差別, 差別, 差別",188
"人, 人, 差別, 思う",30
"ない, 人, 人, 差別",46
"人, 差別, 差別, 思う, 言う",30
"ない, 人, 差別, 差別, 思う, 言う",45
"ない, 人, 差別, 思う, 言う",56
"人, 差別, 差別, 思う",52
"ない, 人, 差別, 差別, 思う",58
"ない, 人, 差別, 思う",80
"人, 差別, 差別, 言う",62
"ない, 人, 差別, 差別, 言う",47
"ない, 人, 差別, 言う",72
"人, 差別, 差別, 差別",57
"ない, 人, 差別, 差別, 差別",55
"ない, 人, 差別, 差別",110
"ない, ない, 人, 差別, 差別",51
"ない, 人, 差別",163
"ない, ない, 人, 差別",59
"差別, 思う, 思う",54
"ない, 差別, 思う, 思う",37
"差別, 思う, 言う, 言う",43
"ない, 差別, 思う, 言う, 言う",54
"差別, 差別, 思う, 言う",71
"ない, 差別, 差別, 思う, 言う",64
"ない, 差別, 思う, 言う",92
"ない, ない, 差別, 思う, 言う",34
"差別, 差別, 差別, 思う",61
"ない, 差別, 差別, 差別, 思う",44
"ない, 差別, 差別, 思う",85
"ない, ない, 差別, 差別, 思う",39
"ない, 差別, 思う",152
"ない, ない, 差別, 思う",54
"差別, 差別, 言う, 言う",32
"ない, 差別, 言う, 言う",54
"ない, 差別, 差別, 差別, 言う",34
"差別, 差別, 差別, 差別, 言う",47
"ない, 差別, 差別, 言う",82
"ない, 差別, 言う",154
"ない, ない, 差別, 言う",56
"ない, ない, 差別, 差別",78
"ない, ない, 差別, 差別, 差別",35
"ない, 差別, 差別, 差別",180
"ない, 差別, 差別, 差別, 差別",160
"差別, 差別, 差別",241
"差別, 差別, 差別, 差別",199
"ない, 差別",357
"ない, ない, 差別",121
"やつ, 読む",31
"やる, 読む",32
"できる, 読む",34
"よう, 読む",43
"さん, 読む",44
"見る, 読む",46
"自分, 読む",48
"さ, ない, 読む",46
"さ, ない, 読む, 読む",86
"さ, 読む, 読む",52
"さ, 読む, 読む, 読む",53
"みたい, 読む",52
"話, 読む",53
"これ, 読む",60
"これ, 思う, 読む",33
"思う, 言う, 読む",30
"ない, 言う, 読む",48
"しまう, 読む",66
"とき, ない, 読む",38
"とき, 思う, 読む",49
"ない, わかる, 読む",31
"ない, もの, わかる, 読む",37
"もの, わかる, 読む",34
"ない, 的, 読む",32
"思う, 的, 読む",35
"好き, 読む, 読む, 読む",34
"ない, 好き, 読む, 読む, 読む",50
"ない, 好き, 読む, 読む",45
"ない, 好き, 読む",42
"ない, 思う, 気, 読む",30
"ない, 思う, 気, 読む, 読む",43
"ない, 気, 読む, 読む",42
"ない, 気, 読む, 読む, 読む",40
"気, 読む, 読む",35
"思う, 気, 読む, 読む",30
"思う, 気, 読む",39
"くる, 読む",74
"くる, ない, 読む",33
"ない, 読む, 買う",34
"ない, 読む, 読む, 買う",38
"読む, 読む, 買う",34
"何, 思う, 読む",37
"ない, 何, 思う, 読む",30
"ない, 何, 読む",40
"いい, 読む",83
"いい, 読む, 読む",36
"いう, 読む, 読む",38
"いう, 思う, 読む",38
"いう, 思う, 読む, 読む",31
"わたし, 読む, 読む",31
"わたし, 思う, 読む",44
"ない, わたし, 読む",51
"もの, 思う, 読む",38
"もの, 読む, 読む",43
"ない, もの, 読む, 読む",50
"ない, もの, 読む",55
"ない, 人, 読む",47
"ない, 人, 思う, 読む",34
"人, 思う, 読む",67
"思う, 読む, 読む, 読む",37
"ない, 思う, 読む, 読む, 読む",42
"ない, 読む, 読む, 読む",85
"ない, ない, 読む, 読む, 読む",32
"思う, 読む, 読む",81
"ない, 思う, 読む, 読む",62
"ない, 読む, 読む",110
"ない, ない, 読む, 読む",32
"ない, ない, 読む",47
"ない, 思う, 読む",102
"思う, 読む",230
"思う, 思う, 読む",48
"すごい, みる",30
"すごい, そう",30
"すごい, それ",32
"すごい, とき",36
"すごい, よう",39
"すごい, わたし",40
"すごい, 話",41
"○, すごい, 話",37
"すごい, られる",42
"さ, すごい",43
"しまう, すごい",43
"すぎる, すごい",45
"すごい, 気",46
"すごい, すごい",48
"○, すごい, すごい",57
"すごい, できる",55
"すごい, やる",56
"すごい, 何",56
"さん, すごい",57
"これ, すごい",57
"○, これ, すごい",37
"すごい, 自分",61
"すごい, わかる",61
"すごい, 好き",61
"いう, すごい",61
"くる, すごい",64
"くる, すごい, 人",31
"すごい, もの",65
"すごい, 的",72
"すごい, 思う, 的",33
"いい, すごい, ない",33
"いい, すごい, ない, 人",89
"いい, すごい, 思う",41
"いい, すごい, 人, 思う",47
"いい, すごい, 人",59
"いい, すごい, 人, 人",81
"すごい, みたい",82
"すごい, ない, みたい",30
"すごい, 見る",88
"すごい, 人, 見る",33
"○, すごい",94
"○, ○, すごい",1179
"すごい, 思う, 言う",32
"すごい, 人, 言う",55
"すごい, ない, 思う",43
"すごい, ない, 人, 思う",32
"すごい, ない, 人",64
"すごい, ない, 人, 人",46
"すごい, 人, 人",45
"すごい, 人, 思う",62
"すごい, 思う",175
"すごい, 思う, 思う",36
"わけ, 出る",38
"さ, わけ",42
"わけ, 話",48
"ない, わけ, 話",41
"わけ, 人, 気",31
"ない, わけ, 人, 気",42
"ない, わけ, 気",55
"ない, ない, わけ, 気",33
"わけ, わたし",51
"ない, わけ, わたし",38
"これ, わけ",52
"これ, ない, わけ",43
"わけ, 見る",53
"ない, わけ, 見る",34
"わけ, 好き",55
"ない, わけ, 好き",39
"なん, わけ",62
"ない, なん, わけ",60
"られる, わけ",67
"ない, られる, わけ",51
"わけ, わけ",69
"ない, わけ, わけ",80
"みたい, わけ",70
"ない, みたい, わけ",38
"よう, わけ",71
"ない, よう, わけ",59
"いい, それ, わけ",30
"いい, それ, ない, わけ",30
"それ, わけ, 人",43
"それ, ない, わけ, 人",45
"それ, ない, わけ",59
"やる, わけ, 思う",32
"ない, やる, わけ, 思う",32
"ない, やる, わけ",64
"ない, ない, やる, わけ",32
"もの, わけ",78
"ない, もの, わけ",68
"くる, わけ",78
"くる, ない, わけ",61
"わけ, 人, 的",32
"わけ, 思う, 的",33
"ない, わけ, 思う, 的",40
"ない, わけ, 的",73
"ない, ない, わけ, 的",32
"いい, わけ, 自分",37
"いい, ない, わけ, 自分",32
"わけ, 思う, 自分",37
"ない, わけ, 思う, 自分",37
"ない, わけ, 自分",67
"できる, わけ, 思う",30
"できる, わけ, 人",34
"できる, ない, わけ",77
"いう, わけ, 人",32
"いう, わけ, 思う",44
"いう, ない, わけ, 思う",37
"いう, ない, わけ",84
"いう, ない, ない, わけ",38
"いい, わけ, 何",31
"いい, ない, わけ, 何",32
"わけ, 何, 思う",34
"わけ, 何, 言う",35
"ない, わけ, 何, 言う",36
"ない, わけ, 何",83
"わかる, わけ, 言う",30
"わかる, わけ, 思う",38
"ない, わかる, わけ, 思う",35
"ない, わかる, わけ",67
"いい, いい, わけ",30
"いい, いい, ない, わけ",34
"いい, わけ, 言う",36
"いい, わけ, 人",37
"いい, ない, わけ, 人",30
"いい, わけ, 思う",49
"いい, ない, わけ, 思う",70
"いい, ない, わけ",118
"いい, ない, ない, わけ",44
"わけ, 言う, 言う",38
"わけ, 人, 言う",52
"ない, わけ, 人, 言う",36
"わけ, 思う, 言う",58
"ない, わけ, 思う, 言う",54
"ない, わけ, 言う",137
"ない, ない, わけ, 言う",57
"わけ, 人, 人",57
"ない, わけ, 人, 人",44
"わけ, 人, 思う",59
"ない, わけ, 人, 思う",43
"ない, わけ, 人",157
"ない, ない, わけ, 人",53
"わけ, 思う",220
"ない, わけ, 思う",188
"ない, わけ",536
"ない, ない, わけ",199
"すぎる, 出る",32
"さん, 出る",32
"出る, 買う",36
"出る, 好き",38
"しまう, 出る",38
"やつ, 出る",39
"わたし, 出る",42
"とき, 出る",42
"それ, 出る",42
"みる, 出る",44
"くる, みる, 出る",31
"なん, 出る",46
"できる, 出る",47
"もの, 出る",48
"くる, もの, 出る",36
"さ, 出る",49
"やる, 出る",49
"られる, 出る",53
"よう, 出る",54
"出る, 気",54
"出る, 自分",56
"くる, 出る, 自分",30
"そう, 出る",57
"出る, 話",59
"くる, 出る, 話",51
"出る, 出る",59
"くる, 出る, 出る",42
"これ, 出る",62
"くる, これ, 出る",30
"出る, 的",64
"出る, 見る",66
"ない, わかる, 出る",32
"くる, わかる, 出る",51
"何, 出る",70
"くる, 何, 出る",44
"いう, 出る",73
"いう, くる, 出る",36
"いい, 出る",80
"いい, くる, 出る",49
"みたい, 出る",85
"くる, みたい, 出る",44
"人, 出る, 言う",30
"出る, 思う, 言う",35
"ない, 出る, 言う",42
"くる, 出る, 言う",47
"人, 出る, 思う",39
"人, 人, 出る",39
"ない, 人, 出る",47
"くる, 人, 出る",68
"ない, 出る, 思う",63
"くる, 出る, 思う",71
"ない, ない, 出る",41
"くる, ない, 出る",91
"くる, 出る",351
"くる, くる, 出る",60
"そう, 気",32
"そう, 買う",33
"そう, よう",39
"そう, みる",40
"そう, 話",40
"そう, もの",41
"しまう, そう",41
"そう, わたし",42
"そう, そう",44
"そう, 自分",46
"そう, られる",47
"さん, そう",48
"これ, そう",49
"いう, そう",51
"そう, わかる",51
"そう, 好き",54
"そう, 何",59
"そう, ない, 何",35
"いい, そう",63
"いい, そう, ない",35
"そう, できる",63
"くる, そう",64
"すぎる, そう",66
"そう, やる",66
"そう, 思う, 的",33
"そう, ない, 的",33
"そう, 見る",72
"そう, みたい",88
"そう, ない, みたい",43
"そう, 言う",104
"そう, 思う, 言う",31
"さ, そう, 思う",38
"さ, そう, ない, 思う",34
"さ, そう, ない",85
"さ, そう, ない, ない",33
"そう, 人, 人",37
"そう, ない, 人",48
"そう, 人, 思う",50
"そう, 思う",174
"そう, ない, 思う",74
"そう, ない",192
"そう, ない, ない",40
"すぎる, 買う",32
"できる, 買う",33
"なん, 買う",33
"とき, 買う",44
"人, 買う",44
"いう, 買う",45
"わたし, 買う",46
"見る, 買う",48
"気, 買う",50
"みたい, 買う",51
"これ, 買う",52
"言う, 買う",52
"何, 買う",58
"好き, 買う",61
"みる, 買う",64
"みる, 思う, 買う",32
"もの, 買う",76
"ない, もの, 買う",37
"やつ, 買う",88
"いい, やつ, 買う",36
"しまう, 思う, 買う",31
"しまう, 買う, 買う",34
"くる, 買う",97
"いい, 買う, 買う",31
"いい, 思う, 買う",40
"思う, 買う, 買う",40
"ない, 思う, 買う",43
"買う, 買う",151
"買う, 買う, 買う",43
"ない, 買う",158
"とき, なん",33
"すぎる, とき",37
"とき, やつ",40
"さ, とき",42
"それ, とき",51
"とき, もの",51
"とき, ない, もの",34
"これ, とき",53
"これ, とき, 思う",30
"とき, 好き",54
"とき, とき",58
"とき, みる",59
"さん, とき",66
"さん, とき, 思う",37
"とき, られる",67
"とき, られる, 思う",31
"しまう, とき",67
"とき, 思う, 話",30
"とき, ない, 話",37
"できる, とき",68
"とき, よう",71
"とき, ない, よう",33
"とき, 自分",71
"とき, 思う, 自分",33
"とき, 見る",77
"とき, 思う, 見る",35
"いう, とき",77
"いう, とき, 思う",37
"いい, とき",77
"とき, 的",79
"とき, 思う, 的",33
"くる, とき",83
"とき, ない, 気",32
"とき, 思う, 気",39
"とき, ない, わたし",34
"とき, わたし, 思う",48
"とき, ない, わかる",30
"とき, わかる, 言う",30
"とき, わかる, 思う",39
"とき, ない, みたい",37
"とき, みたい, やる",37
"とき, みたい, 思う",38
"とき, 何, 言う",36
"とき, ない, 何",43
"とき, 何, 思う",44
"とき, やる, 人",39
"とき, ない, やる",40
"とき, やる, 思う",48
"とき, 人, 言う",34
"とき, 思う, 言う",43
"とき, 言う, 言う",49
"とき, ない, 言う",52
"とき, 人, 人",38
"とき, ない, 人",60
"とき, 人, 思う",64
"とき, ない, ない",57
"とき, ない, 思う",93
"とき, 思う",273
"とき, 思う, 思う",49
"さん, なん",33
"なん, みる",33
"なん, られる",41
"なん, 好き",41
"すぎる, なん",41
"なん, やつ",46
"なん, 話",46
"ない, なん, 話",34
"それ, なん",46
"さ, なん",49
"しまう, なん",49
"なん, もの",50
"なん, わたし",54
"なん, わたし, 思う",30
"なん, 見る",55
"なん, 思う, 自分",31
"ない, なん, 自分",41
"できる, なん",59
"できる, ない, なん",38
"なん, 気",64
"ない, なん, 気",32
"これ, なん",67
"なん, よう",68
"ない, なん, よう",42
"くる, なん",73
"くる, ない, なん",32
"なん, やる, 思う",31
"ない, なん, やる",34
"いう, なん",79
"いう, ない, なん",48
"なん, なん",80
"ない, なん, なん",31
"なん, わかる",81
"ない, なん, わかる",41
"なん, 思う, 的",38
"ない, なん, 的",42
"なん, みたい, 思う",33
"ない, なん, みたい",42
"いい, なん, 人, 人, 人",41
"いい, ない, なん, 人, 人, 人",80
"いい, ない, なん, 人, 人",80
"いい, ない, ない, なん, 人, 人",40
"いい, ない, なん, 人",49
"いい, なん, 思う",45
"いい, ない, なん, 思う",38
"いい, ない, なん",52
"なん, 人, 言う",32
"なん, 思う, 言う",36
"ない, なん, 言う",63
"なん, 人, 何",31
"なん, 何, 思う",42
"ない, なん, 何",71
"なん, 人, 人",41
"ない, なん, 人, 人",30
"なん, 人, 思う",64
"ない, なん, 人, 思う",31
"ない, なん, 人",90
"なん, 思う, 思う",34
"ない, なん, 思う",117
"ない, ない, なん, 思う",36
"ない, なん",308
"ない, ない, なん",80
"すぎる, それ",32
"さん, それ",35
"それ, やつ",37
"これ, それ",50
"さ, それ",52
"しまう, それ",54
"しまう, それ, 思う",30
"それ, 好き, 思う",38
"それ, ない, 好き",41
"それ, られる",67
"○, それ, 話",70
"○, ○, それ, 話",2415
"○, それ, わかる, 話",70
"○, ○, それ, わかる, 話",2415
"○, ○, それ, わかる",2415
"○, ○, ○, それ, わかる",54740
"○, ○, それ",2415
"○, ○, ○, それ",54740
"それ, ない, わたし",34
"それ, わたし, 思う",44
"それ, 人, 気",32
"それ, ない, 気",46
"それ, それ, 思う",37
"それ, それ, ない",39
"それ, よう, 思う",51
"それ, ない, よう",54
"それ, ない, 何",38
"それ, 何, 言う",42
"それ, 人, 見る",32
"それ, 思う, 見る",36
"それ, もの, 見る",36
"それ, ない, 見る",41
"それ, 思う, 話",30
"それ, ない, 話",47
"それ, 自分, 言う",33
"それ, 思う, 自分",41
"それ, ない, 自分",42
"それ, できる",93
"くる, それ, 人",34
"くる, それ, 思う",36
"それ, やる, 言う",38
"それ, やる, 思う",47
"それ, ない, やる",53
"いう, それ, 人",36
"いう, それ, ない",54
"いう, それ, ない, 思う",31
"いう, それ, 思う",59
"それ, みたい, 言う",32
"それ, みたい, もの",34
"それ, みたい, 人",40
"それ, ない, みたい, 人",33
"それ, ない, みたい",47
"それ, みたい, 思う",54
"それ, ない, わかる",36
"それ, わかる, 言う",45
"それ, もの, わかる, 言う",35
"それ, もの, わかる",46
"それ, わかる, 思う",50
"いい, それ, 的",33
"いい, それ, 思う, 的",38
"それ, 人, 的",34
"それ, もの, 的",40
"それ, ない, 的",58
"それ, ない, 思う, 的",31
"それ, 思う, 的",67
"それ, もの, 人",33
"いい, それ, もの",34
"それ, もの, 言う",39
"それ, もの, もの",43
"それ, もの, 思う",65
"それ, ない, もの, 思う",37
"それ, ない, もの",76
"いい, それ, 言う",38
"いい, それ, 人",49
"いい, それ, ない",64
"いい, それ, ない, 思う",35
"いい, それ, 思う",79
"それ, 言う, 言う",56
"それ, 思う, 言う, 言う",30
"それ, ない, 言う",65
"それ, ない, 思う, 言う",31
"それ, 人, 言う",65
"それ, 思う, 言う",82
"それ, 人, 人",57
"それ, 人, 人, 思う",38
"それ, ない, 人",103
"それ, ない, 人, 思う",57
"それ, 人, 思う",107
"それ, 人, 思う, 思う",30
"それ, ない, ない",72
"それ, ない, ない, 思う",30
"それ, ない, 思う",122
"それ, 思う",311
"それ, 思う, 思う",65
"やつ, 話",37
"すぎる, 話",38
"られる, 話",52
"さ, 話",55
"しまう, 話",55
"しまう, 思う, 話",30
"やる, 話",56
"ない, やる, 話",34
"さん, 話",66
"○, さん, 話",64
"これ, 話",67
"○, これ, 話",76
"自分, 話",68
"ない, 自分, 話",51
"みる, 話",72
"わたし, 見る, 見る, 話, 話",34
"わたし, 思う, 見る, 見る, 話, 話",81
"わたし, 思う, 見る, 話, 話",129
"わたし, 思う, 思う, 見る, 話, 話",108
"わたし, 思う, 話, 話",61
"わたし, 思う, 思う, 話, 話",51
"わたし, 見る, 話",35
"わたし, 思う, 見る, 話",64
"ない, わたし, 話",41
"ない, わたし, 思う, 話",33
"わたし, 思う, 話",51
"ない, 好き, 話",31
"好き, 思う, 話",45
"できる, 人, 話",37
"できる, ない, 話",37
"気, 話",83
"ない, 気, 話",60
"もの, 話",85
"ない, もの, 話",60
"よう, 人, 話",30
"ない, よう, 人, 話",34
"よう, 思う, 話",35
"よう, わかる, 話",35
"ない, よう, 話",69
"ない, ない, よう, 話",42
"いう, 思う, 話",32
"いう, ない, 話",38
"○, いう, 話",64
"○, ○, いう, 話",2016
"ない, 何, 話",31
"何, 思う, 話",44
"いい, 思う, 話",31
"いい, ない, 話",36
"ない, 話, 話, 話",34
"ない, 見る, 話, 話, 話",40
"ない, 思う, 話, 話, 話",60
"ない, 思う, 見る, 話, 話, 話",40
"見る, 見る, 話, 話, 話",32
"思う, 見る, 見る, 話, 話, 話",84
"思う, 見る, 話, 話, 話",145
"思う, 思う, 見る, 話, 話, 話",132
"思う, 話, 話, 話",70
"思う, 思う, 話, 話, 話",64
"見る, 見る, 話, 話",34
"思う, 見る, 見る, 話, 話",81
"ない, 見る, 話, 話",34
"ない, 思う, 見る, 話, 話",92
"思う, 見る, 話, 話",133
"思う, 思う, 見る, 話, 話",108
"ない, 話, 話",64
"ない, 思う, 話, 話",54
"思う, 話, 話",83
"思う, 思う, 話, 話",52
"わかる, 思う, 話",35
"ない, わかる, 話",50
"ない, わかる, わかる, 話",59
"わかる, わかる, 話",58
"わかる, わかる, わかる, 話",96
"○, わかる, 話",70
"○, ○, わかる, 話",2415
"ない, 見る, 話",38
"ない, 思う, 見る, 話",42
"思う, 見る, 話",85
"思う, 思う, 見る, 話",50
"的, 言う, 話",31
"思う, 的, 話",33
"ない, 的, 話",35
"くる, ない, 話",33
"くる, 思う, 話",35
"くる, 言う, 話",37
"くる, 人, 話",51
"みたい, 人, 話",30
"みたい, 思う, 話",41
"ない, みたい, 思う, 話",31
"みたい, 言う, 話",47
"ない, みたい, 話",64
"思う, 言う, 言う, 話",34
"ない, 思う, 言う, 言う, 話",41
"ない, 言う, 言う, 話",39
"人, 思う, 言う, 話",30
"ない, 人, 思う, 言う, 話",46
"ない, 人, 言う, 話",44
"思う, 言う, 話",71
"ない, 思う, 言う, 話",57
"ない, 言う, 話",80
"人, 人, 話",36
"人, 思う, 話",78
"ない, 人, 思う, 話",49
"ない, 人, 話",93
"ない, ない, 人, 話",35
"思う, 思う, 話",49
"ない, 思う, 思う, 話",39
"ない, 思う, 話",132
"ない, ない, 思う, 話",33
"ない, ない, 話",92
"○, ない, 話",98
"○, ○, ない, 話",2452
"○, 話",364
"○, ○, 話",9940
"すぎる, みる",32
"できる, みる",36
"さ, みる",36
"みる, 自分",38
"みる, 思う, 自分",30
"みる, られる",44
"みる, 気",49
"みる, やつ",51
"みる, よう",51
"これ, みる",56
"みる, もの",59
"みる, もの, 思う",30
"みる, 好き",61
"みる, みる",62
"みる, やる",62
"しまう, みる",62
"みる, わたし",67
"みる, わたし, 思う",35
"みる, 的",70
"みる, 思う, 的",35
"ない, みる, わかる",32
"ない, みる, わかる, わかる",36
"みる, わかる, わかる",42
"みる, わかる, わかる, わかる",84
"いう, みる",73
"さん, みる",74
"さん, みる, 思う",30
"みたい, みる",74
"みる, 人, 言う",32
"ない, みる, 人, 言う",35
"ない, みる, 言う",43
"みる, 人, 何",32
"ない, みる, 何",39
"みる, 何, 思う",46
"くる, みる",88
"くる, ない, みる",31
"みる, 見る",94
"みる, 思う, 見る",44
"いい, みる",104
"いい, ない, みる",33
"ない, みる, 人",39
"みる, 人, 思う",53
"ない, みる",178
"ない, みる, 思う",60
"みる, 思う",228
"みる, 思う, 思う",45
"やつ, られる",33
"さ, やつ",35
"さ, みたい, やつ",36
"やつ, 気",43
"すぎる, やつ",46
"しまう, やつ",47
"やつ, 自分",51
"さん, やつ",52
"やつ, よう",55
"できる, やつ",56
"やつ, わたし",59
"やつ, わかる",64
"やつ, 好き",68
"やつ, やつ",68
"みたい, やつ, やつ",49
"もの, やつ",69
"ない, もの, やつ",40
"いう, やつ",78
"いう, ない, やつ",34
"やつ, やる",79
"やつ, やる, 思う",32
"ない, やつ, 何",31
"ない, やつ, 何, 言う",42
"みたい, やつ, 何",35
"やつ, 何, 言う",38
"ない, やつ, 見る",30
"やつ, 思う, 見る",34
"これ, やつ",92
"くる, やつ",96
"くる, みたい, やつ",31
"ない, やつ, 人",31
"やつ, 人, 思う",35
"やつ, 的",103
"やつ, 思う, 的",34
"いい, やつ",109
"いい, ない, やつ",34
"やつ, 思う, 言う",33
"やつ, 言う, 言う",35
"ない, やつ, 言う, 言う",34
"ない, やつ, 言う",62
"ない, みたい, やつ, 言う",38
"みたい, やつ, 言う",63
"みたい, やつ, 思う",38
"ない, やつ, 思う",79
"みたい, みたい, やつ",40
"ない, みたい, やつ",64
"ない, やつ",211
"ない, ない, やつ",40
"さ, さん",44
"これ, さ",46
"さ, られる",50
"さ, 見る",57
"さ, 思う, 見る",31
"さ, 気",59
"さ, よう",64
"さ, ない, よう",39
"さ, しまう, ない",35
"さ, しまう, 思う",37
"さ, わたし, 思う",38
"さ, ない, わたし",40
"さ, 思う, 自分",39
"さ, ない, 自分",40
"いう, さ, みたい",30
"いう, さ, ない",40
"○, いう, さ",136
"○, ○, いう, さ",4556
"さ, やる, 思う",32
"さ, ない, やる",43
"さ, 好き, 思う",33
"さ, ない, 好き",48
"さ, できる",80
"さ, できる, ない",40
"くる, さ, 思う",32
"くる, さ, ない",39
"さ, すぎる",91
"さ, すぎる, ない",46
"さ, 何",91
"さ, ない, 何",35
"さ, みたい, 的",35
"さ, ない, 的",44
"さ, 思う, 的",55
"さ, 思う, 言う",33
"さ, 人, 言う",38
"さ, ない, 言う",42
"いい, さ, 思う",34
"いい, さ, 人",44
"いい, さ, ない",45
"さ, わかる, 思う",34
"さ, ない, みたい, わかる",30
"さ, ない, みたい, わかる, わかる",72
"さ, みたい, わかる, わかる",72
"さ, みたい, わかる, わかる, わかる",168
"さ, ない, わかる, わかる",48
"さ, ない, わかる, わかる, わかる",86
"さ, わかる, わかる, わかる",85
"さ, わかる, わかる, わかる, わかる",126
"さ, ない, わかる",57
"さ, もの, もの",35
"さ, さ, もの",40
"さ, さ, みたい, もの",35
"さ, もの, 思う",45
"さ, みたい, もの",54
"さ, ない, もの",56
"さ, さ, 人",30
"さ, さ, さ",30
"さ, さ, みたい",38
"さ, さ, 思う",42
"さ, さ, ない",49
"○, さ, さ",68
"○, ○, さ, さ",2278
"さ, みたい, 人",35
"さ, みたい, 思う",47
"さ, ない, みたい",74
"さ, 人, 人",54
"さ, 人, 思う",57
"さ, ない, 人",61
"○, さ",186
"○, ○, さ",5781
"さ, 思う, 思う",39
"さ, ない, 思う",111
"さ, ない",339
"さ, ない, ない",72
"られる, 好き",49
"しまう, られる",55
"これ, られる",55
"さん, られる",56
"られる, られる",63
"られる, 気",65
"すぎる, られる",66
"られる, わたし",75
"ない, もの, られる",31
"もの, られる, 思う",35
"よう, られる, 思う",35
"ない, よう, られる",52
"やる, られる, 人",30
"やる, られる, 思う",31
"ない, やる, られる",33
"やる, られる, 何",34
"みたい, られる, わかる",31
"みたい, られる, わかる, わかる",72
"ない, られる, わかる",34
"ない, られる, わかる, わかる",38
"られる, わかる, 言う",37
"られる, わかる, わかる, 言う",41
"られる, わかる, 思う",39
"られる, わかる, わかる",47
"られる, わかる, わかる, わかる",85
"できる, ない, られる",33
"できる, られる, 人",41
"できる, られる, 思う",46
"いう, られる, 思う",30
"いう, られる, 人",32
"いう, ない, られる",35
"いい, られる, 人",36
"いい, ない, られる",44
"いい, ない, られる, 思う",34
"いい, られる, 思う",50
"ない, られる, 自分",56
"ない, られる, 思う, 自分",34
"られる, 思う, 自分",69
"くる, られる, 人",33
"くる, ない, られる",33
"くる, られる, 思う",36
"られる, 人, 的",32
"ない, られる, 的",39
"られる, 思う, 的",47
"ない, られる, 見る",37
"られる, 思う, 見る",42
"られる, 何, 何",31
"られる, 何, 言う",35
"られる, 何, 思う",46
"ない, られる, 何",49
"みたい, られる, 思う",30
"みたい, られる, 人",36
"みたい, られる, 言う",38
"ない, みたい, られる",38
"られる, 人, 言う",37
"られる, 思う, 言う",46
"ない, られる, 言う",47
"られる, 人, 人",34
"られる, 人, 思う",63
"ない, られる, 人",76
"ない, ない, られる",41
"ない, られる, 思う",79
"られる, 思う",262
"られる, 思う, 思う",39
"さん, 自分",50
"さん, もの",50
"さん, できる",51
"さん, 気",52
"さん, すぎる",55
"さん, やる",55
"これ, さん",57
"さん, 何",58
"さん, しまう",61
"さん, よう, 思う",31
"さん, ない, よう",32
"○, さん, わかる",30
"○, ○, さん, わかる",435
"さん, わかる, 思う",37
"いい, さん",85
"いい, さん, 思う",31
"いう, さん, 思う",39
"○, いう, さん",64
"○, ○, いう, さん",2016
"さん, 的",91
"さん, 思う, 的",30
"くる, さん",94
"くる, さん, 思う",30
"さん, わたし, 好き",35
"さん, わたし, 思う",52
"さん, 見る",102
"さん, みたい, 人",30
"さん, みたい, 言う",37
"さん, みたい, 思う",44
"さん, ない, 言う",35
"さん, 思う, 言う",37
"さん, さん",144
"さん, さん, 好き",30
"さん, 好き, 好き",35
"さん, ない, 好き",35
"さん, 好き, 思う",38
"さん, 人, 好き",41
"○, さん",157
"○, ○, さん",4404
"さん, ない, 人",48
"さん, 人, 思う",63
"さん, ない",176
"さん, ない, 思う",52
"さん, 思う",249
"さん, 思う, 思う",42
"すぎる, 気",61
"これ, 気",66
"これ, 思う, 気",30
"好き, 気",71
"できる, ない, 気",30
"できる, わかる, 気",31
"しまう, 気",76
"しまう, 思う, 気",31
"気, 気",76
"人, 気, 自分",33
"思う, 気, 自分",35
"ない, 気, 自分",47
"わたし, 人, 気",34
"ない, わたし, 気",40
"わたし, 思う, 気",41
"いう, ない, 気",33
"いう, 思う, 気",41
"もの, わかる, 気",35
"もの, わかる, わかる, 気",36
"もの, 思う, 気",38
"ない, もの, 気",57
"くる, 思う, 気",37
"くる, ない, 思う, 気",31
"○, くる, 気",44
"○, ○, くる, 気",946
"くる, ない, 気",52
"みたい, 気, 言う",33
"ない, みたい, 気",34
"○, みたい, 気",44
"○, ○, みたい, 気",946
"ない, 何, 気",36
"何, 思う, 気",43
"何, 気, 言う",43
"人, 気, 的",34
"思う, 気, 的",49
"ない, 気, 的",54
"やる, 人, 気",30
"ない, やる, 気",32
"やる, 思う, 気",38
"ない, 気, 見る",31
"人, 気, 見る",34
"思う, 気, 見る",43
"わかる, 思う, 気",43
"わかる, 思う, 気, 言う",34
"わかる, 気, 言う",43
"ない, わかる, 気, 言う",34
"○, わかる, 気",44
"○, ○, わかる, 気",946
"よう, わかる, 気",45
"よう, わかる, わかる, 気",38
"わかる, わかる, 気",46
"ない, わかる, わかる, 気",52
"ない, わかる, 気",64
"○, 気, 言う",68
"○, ○, 気, 言う",1953
"○, ○, 気",3004
"○, ○, ○, 気",53410
"よう, 人, 気",31
"よう, 思う, 気",47
"ない, よう, 気",69
"ない, ない, よう, 気",34
"いい, 気, 言う",40
"いい, 思う, 気",41
"いい, ない, 気",51
"気, 言う, 言う",41
"人, 気, 言う",53
"思う, 気, 言う",57
"ない, 思う, 気, 言う",36
"ない, 気, 言う",74
"ない, ない, 気, 言う",43
"人, 人, 気",46
"人, 思う, 気",80
"ない, 人, 思う, 気",34
"ない, 人, 気",89
"思う, 思う, 気",32
"ない, 思う, 気",116
"ない, ない, 思う, 気",35
"ない, 気",335
"ない, ない, 気",90
"すぎる, よう",39
"すぎる, すぎる",51
"しまう, すぎる",52
"すぎる, わたし",61
"すぎる, 自分",62
"これ, すぎる",66
"すぎる, 見る",68
"すぎる, できる",74
"すぎる, できる, 思う",32
"すぎる, やる",77
"くる, すぎる",78
"いう, すぎる",79
"すぎる, もの",79
"すぎる, ない, もの",30
"すぎる, わかる",82
"すぎる, みたい",82
"すぎる, 何",86
"すぎる, 何, 思う",31
"すぎる, ない, 的",32
"すぎる, 思う, 的",35
"いい, すぎる, ない",33
"いい, すぎる, 思う",39
"すぎる, 好き",100
"すぎる, ない, 好き",40
"すぎる, ない, 言う",36
"すぎる, 人, 言う",38
"すぎる, 思う, 言う",52
"すぎる, 人, 人",33
"すぎる, 人, 思う",45
"すぎる, ない, 人",62
"すぎる, 思う",185
"すぎる, ない, 思う",55
"すぎる, ない",212
"すぎる, ない, ない",37
"しまう, しまう",63
"くる, しまう",64
"しまう, 自分",71
"しまう, 思う, 自分",34
"これ, しまう",74
"これ, しまう, 思う",38
"しまう, やる",76
"しまう, やる, 思う",32
"しまう, 好き",81
"しまう, 好き, 思う",34
"しまう, わたし",85
"しまう, わたし, 思う",36
"しまう, できる, ない",30
"しまう, できる, 思う",35
"いう, しまう",91
"いう, しまう, 思う",44
"しまう, 的",91
"しまう, 思う, 的",50
"しまう, わかる",92
"しまう, わかる, 思う",33
"しまう, よう, 思う",31
"しまう, よう, 人",35
"しまう, ない, もの",35
"しまう, もの, 思う",44
"しまう, ない, 何",37
"しまう, 何, 思う",57
"いい, しまう, 人",30
"いい, しまう, 思う",66
"しまう, みたい, 言う",33
"しまう, みたい, 人",34
"しまう, ない, みたい",35
"しまう, みたい, 思う",43
"しまう, 人, 言う",35
"しまう, ない, 言う",46
"しまう, 思う, 言う",51
"しまう, 見る, 見る",30
"しまう, 思う, 見る",66
"しまう, 人, 人",43
"しまう, ない, 人",58
"しまう, ない, 人, 思う",40
"しまう, 人, 思う",101
"しまう, ない, ない",42
"しまう, ない, 思う",136
"しまう, 思う",379
"しまう, 思う, 思う",54
"よう, 好き",56
"ない, よう, 好き",33
"これ, よう, 思う",38
"これ, ない, よう",42
"よう, 思う, 見る",33
"ない, よう, 見る",36
"よう, 人, 見る",45
"もの, よう, わたし",31
"よう, わたし, 人",34
"ない, よう, わたし",47
"よう, わたし, 思う",48
"いう, よう, 思う",37
"いう, ない, よう",56
"もの, よう, 自分",30
"もの, よう, わかる, 自分",37
"できる, よう, 自分",30
"できる, よう, わかる, 自分",30
"よう, わかる, 自分",42
"よう, わかる, わかる, 自分",40
"ない, よう, 自分",44
"よう, 思う, 自分",54
"よう, 人, 何",31
"よう, 何, 思う",46
"ない, よう, 何, 思う",30
"よう, 何, 言う",51
"ない, よう, 何",63
"よう, よう, 思う",36
"ない, よう, よう",52
"できる, よう, 言う",30
"できる, よう, 人",33
"できる, よう, 思う",39
"できる, ない, よう",57
"くる, よう, 言う",31
"くる, よう, 思う",36
"くる, よう, 人",43
"くる, ない, よう",50
"もの, よう, わかる",40
"もの, よう, わかる, わかる",30
"よう, わかる, わかる",40
"よう, わかる, 思う",46
"ない, よう, わかる",49
"みたい, よう, 的",36
"ない, よう, 的",43
"よう, 思う, 的",53
"みたい, よう, 言う",38
"みたい, よう, 人",41
"みたい, よう, 思う",42
"ない, みたい, よう",46
"いい, よう, 言う",31
"いい, よう, 人",31
"いい, よう, 思う",44
"いい, ない, よう",58
"もの, よう, 人",34
"もの, よう, 思う",50
"ない, もの, よう, 思う",31
"ない, もの, よう",90
"やる, よう, 言う",30
"やる, やる, よう",33
"やる, よう, 人",47
"やる, よう, 思う",62
"ない, やる, よう, 思う",32
"ない, やる, よう",65
"よう, 言う, 言う",47
"ない, よう, 言う, 言う",33
"よう, 人, 思う, 言う",31
"ない, よう, 人, 思う, 言う",42
"ない, よう, 思う, 言う",50
"よう, 人, 言う",73
"ない, よう, 人, 言う",47
"ない, よう, 言う",110
"ない, ない, よう, 言う",37
"よう, 人, 人",64
"ない, よう, 人, 人",30
"ない, ない, よう, 人",32
"ない, よう, 人, 思う",63
"よう, 人, 思う",127
"よう, 思う, 思う",52
"ない, よう, 思う",149
"ない, ない, よう, 思う",32
"ない, よう",433
"ない, ない, よう",117
"これ, ない, 自分",31
"これ, 思う, 自分",35
"好き, 自分",91
"人, 自分, 見る",45
"ない, 自分, 見る",50
"ない, 思う, 自分, 見る",32
"思う, 自分, 見る",58
"わたし, 自分, 言う",30
"わたし, 人, 自分",32
"ない, わたし, 自分",45
"わたし, 思う, 自分",52
"いう, 人, 自分",30
"いう, 思う, 自分",48
"いう, ない, 自分",55
"いい, 何, 自分",30
"人, 何, 思う, 自分",36
"人, 何, 自分, 言う",38
"何, 思う, 自分",62
"何, 思う, 自分, 言う",39
"ない, 何, 自分",63
"何, 自分, 言う",69
"何, 自分, 言う, 言う",40
"みたい, やる, 自分",34
"やる, 自分, 言う",41
"やる, 人, 自分",45
"ない, やる, 自分",49
"やる, 思う, 自分",75
"くる, できる, 自分",31
"できる, 人, 自分",35
"できる, 思う, 自分",65
"できる, ない, 思う, 自分",32
"できる, ない, 自分",66
"みたい, 的, 自分",30
"みたい, 自分, 言う",31
"みたい, わかる, 自分",37
"みたい, わかる, わかる, 自分",73
"みたい, 人, 自分",40
"みたい, 思う, 自分",49
"ない, みたい, 自分",60
"いい, もの, 自分",30
"もの, もの, 自分",31
"もの, 人, 自分",33
"もの, 自分, 自分",33
"くる, もの, 自分",41
"もの, 的, 自分",42
"もの, わかる, 自分",44
"もの, 思う, 自分",64
"ない, もの, 思う, 自分",38
"ない, もの, 自分",69
"わかる, 自分, 自分",30
"人, 自分, 自分",31
"自分, 自分, 言う",34
"くる, 自分, 自分",46
"思う, 自分, 自分",65
"ない, 思う, 自分, 自分",31
"ない, 自分, 自分",72
"いい, 的, 自分",30
"人, 的, 自分",36
"ない, 的, 自分",73
"ない, 思う, 的, 自分",37
"思う, 的, 自分",79
"いい, わかる, 自分",33
"わかる, 人, 自分",43
"わかる, 自分, 言う",47
"わかる, わかる, 自分, 言う",41
"ない, わかる, 自分",53
"ない, わかる, わかる, 自分",56
"わかる, 思う, 自分",62
"わかる, わかる, 自分",72
"わかる, わかる, わかる, 自分",98
"くる, 自分, 言う",38
"くる, 人, 自分",47
"くる, ない, 自分",61
"くる, ない, 思う, 自分",30
"くる, 思う, 自分",76
"いい, いい, 自分",32
"いい, 自分, 言う",55
"いい, ない, 人, 自分",32
"いい, 人, 思う, 自分",34
"いい, ない, 自分",91
"いい, ない, 思う, 自分",82
"いい, 思う, 自分",114
"いい, 思う, 思う, 自分",46
"自分, 言う, 言う",53
"人, 思う, 自分, 言う",46
"ない, 人, 自分, 言う",46
"思う, 自分, 言う",87
"ない, 自分, 言う",101
"ない, ない, 自分, 言う",34
"人, 人, 自分",44
"人, 人, 思う, 自分",31
"ない, ない, 人, 自分",30
"ない, 人, 思う, 自分",56
"人, 思う, 自分",137
"ない, ない, 自分",100
"ない, ない, 思う, 自分",48
"ない, 思う, 自分",218
"ない, 思う, 思う, 自分",50
"思う, 自分",469
"思う, 思う, 自分",98
"これ, ない, もの",31
"これ, もの, 思う",35
"みたい, もの, やる",31
"もの, やる, 言う",33
"もの, やる, 思う",34
"もの, やる, やる",36
"ない, もの, やる",39
"もの, わたし, 的",31
"みたい, もの, わたし",35
"もの, わたし, 思う",73
"ない, もの, わたし, 思う",32
"ない, もの, わたし",75
"もの, 何, 思う",45
"もの, 何, 言う, 言う",31
"ない, もの, 何, 言う, 言う",55
"ない, もの, 何, 言う",53
"ない, もの, 何",77
"ない, ない, もの, 何",34
"くる, もの, 見る",30
"いい, もの, 見る",32
"もの, 好き, 見る",35
"ない, もの, 見る",61
"ない, もの, 思う, 見る",32
"もの, 思う, 見る",62
"もの, 好き, 思う",30
"もの, 好き, 的",31
"いい, もの, 好き",31
"いい, ない, もの, 好き",30
"もの, 好き, 好き",41
"ない, もの, 好き, 好き",37
"ない, もの, 好き",75
"ない, ない, もの, 好き",37
"いう, もの, 的",39
"いう, みたい, もの",39
"いう, もの, 思う",53
"いう, ない, もの, 思う",33
"いう, ない, もの",74
"できる, もの, 的",34
"できる, もの, 思う",50
"できる, ない, もの",65
"いい, もの, わかる",32
"もの, わかる, 的",33
"もの, わかる, 言う",46
"もの, わかる, 思う",52
"もの, わかる, わかる",60
"ない, もの, わかる, わかる",38
"ない, もの, わかる",72
"もの, もの, 言う",34
"もの, もの, 的",47
"もの, もの, 思う",51
"ない, もの, もの",95
"ない, ない, もの, もの",37
"くる, もの, 人",32
"くる, もの, 言う",33
"くる, みたい, もの",34
"くる, もの, 思う",50
"くる, もの, 的",53
"くる, ない, もの",55
"いい, もの, 人",32
"いい, みたい, もの",36
"いい, もの, 思う, 思う",31
"いい, ない, もの, 思う",48
"いい, ない, もの",93
"いい, ない, ない, もの",35
"もの, 的, 言う",46
"もの, 言う, 言う",49
"ない, もの, 言う, 言う",48
"もの, 人, 言う",51
"みたい, もの, 言う",63
"ない, みたい, もの, 言う",47
"もの, 思う, 言う",70
"ない, もの, 思う, 言う",36
"ない, もの, 言う",102
"みたい, もの, 人",52
"もの, 人, 的",53
"もの, 人, 思う, 的",30
"もの, 人, 人, 人",34
"もの, 人, 人, 人, 思う",40
"もの, 人, 人, 思う",40
"ない, もの, 人",94
"ない, もの, 人, 思う",50
"もの, 人, 思う",101
"みたい, もの, 的",46
"みたい, もの, 思う",79
"ない, みたい, もの, 思う",37
"ない, みたい, もの",100
"もの, 的, 的",44
"ない, もの, 的",85
"ない, もの, 思う, 的",45
"もの, 思う, 的",90
"もの, 思う, 思う",73
"ない, もの, 思う, 思う",33
"ない, もの, 思う",179
"ない, ない, もの, 思う",39
"ない, もの",483
"ない, ない, もの",119
"○, 好き",30
"○, ○, 好き",406
"できる, 好き",57
"これ, 好き",71
"何, 好き",79
"ない, 何, 好き",55
"やる, 好き",82
"ない, やる, 好き",32
"ない, 好き, 言う",40
"好き, 思う, 言う",40
"くる, みたい, 好き",30
"くる, ない, 好き",36
"くる, 好き, 思う",41
"いう, ない, 好き",33
"いう, 好き, 思う",39
"いう, 好き, 好き",43
"いう, 人, 好き",44
"好き, 思う, 的",37
"ない, 好き, 的",37
"わたし, 好き, 的",38
"好き, 好き, 的",49
"ない, わかる, 好き",36
"わかる, 好き, 好き",38
"みたい, 人, 好き",39
"ない, みたい, 好き",41
"みたい, 好き, 思う",41
"わたし, 好き, 見る",41
"わたし, 好き, 好き, 見る",34
"ない, 好き, 見る",51
"好き, 好き, 見る",61
"好き, 好き, 好き, 見る",37
"いい, 好き, 思う",33
"いい, 好き, 好き",34
"いい, 人, 好き",36
"いい, ない, 好き",52
"わたし, 人, 好き",41
"わたし, 好き, 好き",58
"わたし, 好き, 好き, 好き",30
"わたし, 好き, 思う",61
"ない, わたし, 好き",69
"人, 人, 好き",34
"人, 好き, 好き",51
"ない, 人, 好き",65
"人, 好き, 思う",71
"好き, 好き, 思う",57
"ない, 好き, 好き",69
"好き, 好き, 好き",87
"好き, 思う, 思う",38
"ない, 好き, 思う",92
"ない, 好き",307
"ない, ない, 好き",69
"○, できる, 見る",32
"○, ○, できる, 見る",496
"○, いい, できる, 見る",32
"○, ○, いい, できる, 見る",496
"○, ○, いい, できる",496
"○, ○, ○, いい, できる",4960
"○, いい, できる, 人",32
"○, ○, いい, できる, 人",496
"○, いい, できる, 人, 見る",32
"○, ○, いい, できる, 人, 見る",496
"○, ○, できる, 人, 見る",496
"○, ○, ○, できる, 人, 見る",4960
"○, ○, できる, 人",496
"○, ○, ○, できる, 人",4960
"○, ○, できる",686
"○, ○, ○, できる",6100
"これ, できる",83
"できる, 見る",86
"できる, 思う, 見る",35
"くる, できる, ない",33
"くる, できる, 思う",36
"できる, ない, わたし",48
"できる, わたし, 思う",54
"いう, できる, 人",32
"いう, できる, ない",56
"いう, できる, ない, 思う",33
"いう, できる, 思う",61
"できる, 人, 的",46
"できる, 思う, 的",48
"できる, ない, 的",52
"できる, みたい, 人",34
"できる, みたい, 言う",35
"できる, みたい, 思う",38
"できる, ない, みたい",60
"できる, 何, 言う",47
"できる, 何, 思う",51
"できる, ない, 何",55
"できる, やる, 人",39
"できる, ない, やる",47
"できる, やる, 思う",56
"できる, できる, 思う",41
"できる, できる, ない",46
"できる, できる, 人",87
"できる, できる, 人, 人",60
"できる, わかる, 言う",37
"できる, わかる, 人",45
"できる, わかる, 思う",51
"できる, ない, わかる",58
"いい, できる, 言う",34
"いい, できる, 思う",54
"いい, できる, ない",56
"いい, できる, 人",61
"いい, できる, 人, 人",42
"できる, 言う, 言う",42
"できる, 人, 言う",60
"できる, 思う, 言う",64
"できる, ない, 思う, 言う",30
"できる, ない, 言う",90
"できる, ない, ない, 言う",35
"できる, ない, 人",86
"できる, ない, 人, 思う",35
"できる, 人, 思う",107
"できる, 人, 人, 思う",36
"できる, 人, 人",123
"できる, 人, 人, 人",52
"できる, 思う, 思う",39
"できる, ない, 思う",135
"できる, ない",382
"できる, ない, ない",72
"これ, これ",48
"いう, これ",80
"いう, これ, ない",31
"これ, 的",91
"これ, ない, 的",48
"これ, みたい, 思う",31
"これ, ない, みたい",34
"これ, わたし, 人",32
"これ, わたし, 思う",39
"これ, やる, 何",30
"これ, やる, 言う",31
"これ, やる, 思う",33
"これ, やる, 人",34
"くる, これ",112
"くる, これ, 思う",38
"これ, ない, 見る",44
"これ, 思う, 見る",47
"これ, わかる, 何",32
"これ, わかる, 人",35
"これ, ない, わかる",40
"これ, わかる, 思う",40
"これ, 人, 何",30
"これ, ない, 何",41
"これ, 何, 思う",42
"これ, 何, 言う",53
"いい, これ, 人",35
"いい, これ, ない",56
"いい, これ, 思う",60
"○, これ, ない",49
"○, ○, これ, ない",761
"○, ○, これ",2564
"○, ○, ○, これ",29712
"これ, 言う, 言う",37
"これ, ない, 言う",63
"これ, ない, 思う, 言う",34
"これ, 人, 言う",70
"これ, 人, 思う, 言う",30
"これ, 思う, 言う",73
"これ, 人, 人",56
"これ, ない, 人",60
"これ, ない, 人, 思う",32
"これ, 人, 思う",91
"これ, ない, ない",54
"これ, ない, 思う",116
"これ, 思う",350
"これ, 思う, 思う",38
"わたし, わたし",51
"○, わたし",56
"○, ○, わたし",1485
"わかる, わたし, 人",40
"わかる, わたし, 思う",45
"ない, わかる, わたし",52
"やる, わたし, 何",34
"やる, わたし, 人",37
"ない, やる, わたし",38
"やる, わたし, 思う",51
"いう, わたし, 言う",30
"いう, わたし, 人",30
"いう, みたい, わたし",30
"いう, ない, わたし",47
"いう, わたし, 思う",52
"くる, わたし, 言う",31
"くる, わたし, 思う",38
"くる, ない, わたし",51
"いい, わたし, 言う",30
"いい, わたし, 何",33
"いい, わたし, 人",38
"いい, ない, わたし",51
"いい, わたし, 思う",59
"みたい, わたし, 的",32
"みたい, わたし, 人",34
"みたい, わたし, 言う",42
"ない, みたい, わたし, 言う",31
"みたい, わたし, 思う",50
"ない, みたい, わたし",55
"わたし, 人, 的",33
"ない, わたし, 的",53
"ない, わたし, 思う, 的",32
"わたし, 思う, 的",62
"わたし, 人, 見る",30
"わたし, 見る, 見る",32
"ない, わたし, 見る",58
"ない, わたし, 思う, 見る",34
"わたし, 思う, 見る",76
"わたし, 何, 何",33
"わたし, 人, 何",37
"わたし, 何, 思う, 言う",31
"ない, わたし, 何, 言う",49
"ない, ない, わたし, 何, 言う",32
"わたし, 何, 思う",72
"ない, わたし, 何, 思う",39
"ない, わたし, 何",89
"ない, ない, わたし, 何",31
"わたし, 言う, 言う",38
"わたし, 人, 言う",64
"わたし, 人, 思う, 言う",47
"わたし, 思う, 言う",90
"ない, わたし, 思う, 言う",38
"ない, わたし, 言う",114
"ない, ない, わたし, 言う",66
"わたし, 人, 人",54
"ない, わたし, 人",81
"ない, わたし, 人, 思う",48
"わたし, 人, 思う",140
"ない, ない, わたし, 思う",30
"ない, ない, ない, わたし",37
"ない, わたし, 思う",165
"ない, わたし, 思う, 思う",32
"わたし, 思う",444
"わたし, 思う, 思う",92
"○, いい, 見る",32
"○, ○, いい, 見る",496
"○, いい, 人, 見る",32
"○, ○, いい, 人, 見る",496
"○, ○, 人, 見る",496
"○, ○, ○, 人, 見る",4960
"○, ○, 見る",847
"○, ○, ○, 見る",7885
"ない, やる, 見る",34
"やる, 人, 見る",37
"やる, 思う, 見る",54
"思う, 的, 見る",42
"ない, 的, 見る",45
"いう, 思う, 見る",39
"いう, ない, 見る",43
"わかる, 何, 見る",30
"わかる, 思う, 見る",46
"ない, わかる, 見る",49
"くる, 人, 見る",31
"くる, ない, 見る",36
"くる, 思う, 見る",53
"いい, 何, 見る",37
"人, 何, 見る",37
"何, 見る, 言う",41
"ない, 何, 見る",57
"ない, 何, 思う, 見る",36
"何, 思う, 見る",72
"人, 見る, 見る",42
"ない, 見る, 見る",52
"思う, 見る, 見る",55
"いい, 人, 見る",39
"いい, ない, 見る",58
"いい, ない, 思う, 見る",39
"いい, 思う, 見る",73
"みたい, 人, 見る",40
"みたい, 見る, 言う",43
"ない, みたい, 見る",43
"みたい, 思う, 見る",52
"見る, 言う, 言う",33
"ない, 見る, 言う",60
"ない, 人, 見る, 言う",31
"思う, 見る, 言う",67
"人, 思う, 見る, 言う",42
"人, 見る, 言う",94
"人, 人, 人, 見る",30
"人, 人, 思う, 見る",33
"ない, 人, 人, 見る",53
"ない, ない, 人, 見る",33
"ない, 人, 思う, 見る",50
"人, 思う, 見る",130
"ない, ない, 見る",63
"ない, 思う, 見る",150
"ない, 思う, 思う, 見る",30
"思う, 見る",434
"思う, 思う, 見る",75
"いう, ない, 的",96
"いう, ない, 思う, 的",63
"いう, 思う, 的",91
"いう, いう, 思う",37
"いう, いう, ない",42
"いう, みたい, やる",30
"いう, やる, 言う",31
"いう, やる, 人",34
"いう, ない, やる",53
"いう, やる, 思う",64
"いう, わかる, 言う",31
"いう, わかる, 人",41
"いう, ない, わかる",52
"いう, わかる, 思う",54
"いう, くる, 言う",32
"いう, くる, 思う",36
"いう, くる, ない",43
"いう, くる, 人",48
"いう, みたい, 人",35
"いう, みたい, 思う",64
"いう, ない, みたい",64
"いい, いう, 何",35
"いう, 人, 何",50
"いう, 人, 何, 言う",30
"いう, 何, 言う",60
"いう, 何, 思う, 言う",38
"いう, 何, 思う",78
"いう, ない, 何, 思う",40
"いう, ない, 何",85
"いい, いう, 言う",47
"いい, いう, 人, 言う",30
"いい, いう, 人",57
"いい, いう, 思う",65
"いい, いう, ない, 思う",40
"いい, いう, ない",73
"いう, ない, 言う",65
"いう, 思う, 言う",86
"いう, 人, 思う, 言う",35
"いう, 人, 言う",90
"いう, 人, 人",77
"いう, ない, 人",104
"いう, ない, 人, 思う",52
"いう, 人, 思う",123
"○, いう",309
"○, ○, いう",8847
"いう, 思う, 思う",68
"いう, ない, 思う, 思う",30
"いう, ない, 思う",172
"いう, ない, ない, 思う",42
"いう, ない",447
"いう, ない, ない",108
"やる, 人, 的",31
"みたい, やる, 的",46
"やる, 思う, 的",60
"ない, やる, 的",63
"何, 的, 言う",35
"みたい, 何, 的",36
"人, 何, 的",36
"ない, 何, 的",63
"何, 思う, 的",63
"ない, 何, 思う, 的",41
"わかる, 的, 言う",42
"わかる, 人, 的",42
"ない, わかる, 的",43
"わかる, 思う, 的",68
"くる, 的, 言う",38
"くる, ない, 的",43
"くる, 人, 的",46
"くる, 思う, 的",51
"的, 的, 的",36
"人, 的, 的",37
"いい, 的, 的",46
"いい, 思う, 的, 的",43
"思う, 的, 的",76
"ない, 思う, 的, 的",38
"ない, 的, 的",83
"いい, みたい, 的",37
"いい, 的, 言う",38
"いい, 人, 的",50
"いい, ない, 的",84
"いい, ない, 思う, 的",80
"いい, 思う, 的",113
"みたい, みたい, 的",33
"みたい, 的, 言う",58
"みたい, 人, 的",61
"ない, みたい, 的",91
"ない, みたい, 思う, 的",44
"みたい, 思う, 的",94
"的, 言う, 言う",37
"人, 的, 言う",81
"ない, 人, 的, 言う",43
"思う, 的, 言う",91
"ない, 思う, 的, 言う",39
"ない, 的, 言う",101
"人, 人, 的",54
"人, 思う, 的",112
"ない, 人, 思う, 的",52
"ない, 人, 的",124
"ない, ない, 人, 的",33
"ない, ない, 的",111
"ない, ない, 思う, 的",58
"ない, 思う, 的",226
"ない, 思う, 思う, 的",48
"思う, 的",501
"思う, 思う, 的",79
"くる, わかる, 言う",33
"くる, わかる, 思う",41
"くる, ない, わかる",42
"○, くる, わかる",44
"○, ○, くる, わかる",946
"みたい, わかる, 人",38
"○, みたい, わかる",44
"○, ○, みたい, わかる",946
"みたい, わかる, 思う",47
"ない, みたい, わかる, 言う",30
"ない, みたい, わかる, わかる, 言う",73
"みたい, わかる, わかる, 言う",75
"みたい, わかる, わかる, わかる, 言う",168
"ない, みたい, わかる",61
"ない, みたい, わかる, わかる",73
"みたい, わかる, わかる",79
"みたい, わかる, わかる, わかる",168
"やる, わかる, 何",31
"やる, わかる, 人",36
"ない, やる, わかる",52
"やる, わかる, 思う",73
"いい, わかる, 何",36
"いい, わかる, 思う, 言う",30
"いい, ない, わかる, 言う",31
"いい, わかる, 人",52
"いい, わかる, 思う",75
"いい, ない, わかる, 思う",41
"いい, ない, わかる",79
"わかる, 人, 何",51
"わかる, 何, 思う",70
"わかる, 何, 言う",73
"ない, わかる, 何",75
"わかる, わかる, 人",32
"わかる, わかる, 思う",48
"ない, わかる, わかる, 言う",49
"ない, わかる, わかる, わかる, 言う",84
"わかる, わかる, わかる, 言う",86
"わかる, わかる, わかる, わかる, 言う",126
"ない, わかる, わかる",102
"ない, わかる, わかる, わかる",108
"わかる, わかる, わかる",121
"わかる, わかる, わかる, わかる",137
"○, わかる, 言う",42
"○, ○, わかる, 言う",861
"○, ○, わかる",5167
"○, ○, ○, わかる",86734
"ない, わかる, 言う, 言う",30
"ない, わかる, 思う, 言う, 言う",31
"わかる, 思う, 言う, 言う",43
"ない, わかる, 人, 言う",35
"わかる, 人, 思う, 言う",36
"ない, ない, わかる, 言う",30
"ない, わかる, 思う, 言う",77
"わかる, 思う, 言う",128
"わかる, 人, 人",62
"わかる, 人, 思う",106
"ない, わかる, 人, 思う",50
"ない, わかる, 人",119
"わかる, 思う, 思う",55
"ない, わかる, 思う",155
"ない, ない, わかる, 思う",32
"ない, わかる",425
"ない, ない, わかる",83
"くる, やる, 人",30
"くる, ない, やる",31
"くる, やる, 思う",32
"くる, やる, 言う",35
"みたい, やる, 何",38
"みたい, やる, やる",41
"みたい, やる, 人",41
"みたい, やる, 言う",43
"ない, みたい, やる",56
"ない, みたい, やる, 思う",31
"みたい, やる, 思う",66
"いい, やる, 何",37
"いい, やる, 言う",46
"いい, やる, やる",53
"いい, やる, やる, 人",40
"いい, ない, やる",67
"いい, やる, 人",78
"いい, やる, 人, 思う",39
"いい, やる, 思う",80
"やる, 言う, 言う",35
"やる, やる, 言う",44
"やる, 何, 言う",47
"やる, 人, 言う",62
"やる, 思う, 言う",74
"ない, やる, 思う, 言う",36
"ない, やる, 言う",91
"やる, 何, 何",30
"やる, やる, 何",47
"やる, 人, 何",50
"やる, 何, 思う",75
"ない, やる, 何",87
"やる, やる, やる",58
"やる, やる, やる, 思う",35
"ない, やる, やる",73
"ない, やる, やる, 思う",42
"やる, やる, 人",79
"やる, やる, 人, 思う",41
"やる, やる, 思う",104
"やる, 人, 人",79
"ない, やる, 人",107
"ない, やる, 人, 思う",39
"やる, 人, 思う",130
"ない, ない, やる",91
"ない, ない, やる, 思う",44
"ない, やる, 思う",174
"やる, 思う",475
"やる, 思う, 思う",80
"○, くる, みたい",44
"○, ○, くる, みたい",946
"○, ○, くる",946
"○, ○, ○, くる",13244
"くる, くる, 思う",32
"くる, くる, 言う",40
"くる, くる, 人",41
"くる, みたい, 何",33
"くる, 何, 思う",40
"くる, 何, 言う",43
"くる, ない, 何",54
"くる, ない, 人, 何",35
"くる, 人, 何",60
"いい, くる, みたい",34
"いい, くる, 言う",35
"いい, くる, 人",37
"いい, くる, ない",46
"いい, くる, 思う",52
"くる, みたい, 人",55
"くる, ない, みたい",55
"くる, みたい, 思う",61
"くる, みたい, 言う",71
"くる, 言う, 言う",41
"くる, ない, 思う, 言う",39
"くる, 人, 思う, 言う",42
"くる, ない, 人, 言う",34
"くる, ない, ない, 言う",42
"くる, 人, 言う",105
"くる, 人, 人",58
"くる, 人, 思う",97
"くる, ない, 人, 思う",31
"くる, ない, 人",101
"くる, ない, ない",69
"くる, ない, 思う",134
"くる, 思う",381
"くる, 思う, 思う",64
"○, 何",55
"○, ○, 何",1276
"人, 何, 何",50
"何, 何, 思う",67
"何, 何, 思う, 言う",38
"ない, 何, 何",69
"何, 何, 言う",81
"何, 何, 言う, 言う",45
"みたい, 人, 何",46
"みたい, 何, 思う",58
"みたい, 何, 言う",61
"ない, みたい, 何, 言う",33
"ない, みたい, 何",69
"いい, 人, 何",49
"いい, 何, 思う",69
"いい, ない, 何, 思う",46
"いい, 何, 言う",72
"いい, ない, 何",108
"いい, ない, ない, 何",31
"人, 人, 何",58
"ない, 人, 人, 何",32
"人, 何, 言う, 言う",36
"ない, 人, 何, 言う",52
"人, 何, 思う, 言う",52
"ない, 人, 何",133
"ない, 人, 何, 思う",65
"人, 何, 思う",146
"人, 何, 思う, 思う",39
"何, 言う, 言う, 言う",47
"何, 思う, 言う, 言う, 言う",32
"ない, 何, 言う, 言う",59
"何, 思う, 言う, 言う",65
"何, 思う, 言う",161
"ない, 何, 思う, 言う",54
"ない, 何, 言う",177
"ない, ない, 何, 言う",58
"何, 思う, 思う",79
"ない, 何, 思う, 思う",33
"ない, 何, 思う",209
"ない, ない, 何, 思う",41
"ない, 何",561
"ない, ない, 何",135
"○, みたい",44
"○, ○, みたい",946
"みたい, みたい, 人",31
"みたい, みたい, 思う",48
"ない, みたい, みたい",51
"みたい, みたい, 言う",53
"いい, みたい, 言う",48
"いい, みたい, 人",54
"いい, みたい, 思う",63
"いい, ない, みたい",68
"みたい, 言う, 言う",66
"ない, みたい, 言う, 言う",34
"ない, みたい, 人, 言う",40
"みたい, 人, 思う, 言う",45
"みたい, 思う, 言う",105
"ない, みたい, 思う, 言う",47
"ない, みたい, 言う",139
"ない, ない, みたい, 言う",49
"みたい, 人, 人",74
"ない, みたい, 人",114
"ない, みたい, 人, 思う",61
"みたい, 人, 思う",137
"みたい, 人, 思う, 思う",31
"みたい, 思う, 思う",59
"ない, みたい, 思う",180
"ない, ない, みたい, 思う",31
"ない, みたい",481
"ない, ない, みたい",105
"いい, いい, 言う",36
"いい, いい, 人, 人, 思う",61
"いい, いい, ない, 人, 人, 思う",120
"いい, いい, 人, 人, 人, 思う",60
"いい, いい, ない, 人, 人, 人, 思う",60
"いい, いい, ない, 人, 思う",63
"いい, いい, ない, ない, 人, 思う",30
"いい, いい, 人, 人, 人, 人",31
"いい, いい, ない, 人, 人, 人, 人",60
"いい, いい, ない, 人, 人, 人",120
"いい, いい, ない, ない, 人, 人, 人",60
"いい, いい, ない, 人, 人",123
"いい, いい, ない, ない, 人, 人",60
"いい, いい, ない, 人",79
"いい, いい, ない, ない, 人",30
"いい, いい, 思う",81
"いい, いい, ない, 思う",73
"いい, いい, ない",84
"○, いい, 人",32
"○, ○, いい, 人",496
"○, いい, ない",33
"○, ○, いい, ない",528
"○, ○, いい",6029
"○, ○, ○, いい",108482
"いい, 言う, 言う",90
"いい, 人, 言う, 言う",32
"いい, 人, 思う, 言う",50
"いい, ない, 思う, 言う",58
"いい, ない, 言う",118
"いい, ない, 人, 言う",44
"いい, 人, 言う",141
"いい, 人, 人, 人, 思う",52
"いい, ない, 人, 人, 人, 思う",81
"いい, ない, 人, 人, 人",85
"いい, ない, ない, 人, 人, 人",40
"いい, 人, 人, 思う",86
"いい, ない, 人, 人, 思う",90
"いい, ない, 人, 人",102
"いい, ない, ない, 人, 人",40
"いい, ない, ない, 人",36
"いい, ない, 人, 思う",102
"いい, 人, 思う",197
"いい, 人, 思う, 思う",37
"いい, ない, ない",130
"いい, ない, ない, 思う",69
"いい, ない, 思う",284
"いい, ない, 思う, 思う",69
"いい, 思う",629
"いい, 思う, 思う",109
"○, 言う",136
"○, ○, 言う",2962
"ない, 言う, 言う, 言う",30
"思う, 言う, 言う, 言う",36
"人, 人, 言う, 言う",33
"ない, 人, 言う, 言う",53
"ない, 人, 思う, 言う, 言う",50
"人, 思う, 言う, 言う",74
"思う, 言う, 言う",138
"ない, 思う, 言う, 言う",78
"ない, 言う, 言う",155
"ない, ない, 言う, 言う",56
"人, 人, 人, 言う",33
"ない, 人, 人, 言う",42
"人, 人, 思う, 言う",43
"ない, ない, 人, 言う",54
"ない, ない, 人, 思う, 言う",38
"ない, 人, 思う, 言う",132
"ない, 人, 思う, 思う, 言う",32
"人, 思う, 言う",242
"人, 思う, 思う, 言う",59
"思う, 思う, 言う",108
"ない, 思う, 思う, 言う",62
"ない, 思う, 言う",305
"ない, ない, 思う, 言う",77
"ない, 言う",737
"ない, ない, 言う",209
"○, 人",40
"○, ○, 人",498
"○, ない",235
"○, ○, ない",4857
"○, ○",64937
"○, ○, ○",1227866
"ない, 人, 人, 人, 人",30
"人, 人, 人, 人, 思う",37
"人, 人, 人, 思う",74
"ない, 人, 人, 人",75
"人, 人, 思う, 思う",49
"ない, 人, 人, 思う",94
"ない, 人, 人",221
"ない, ない, 人, 人",46
"ない, ない, ない, 人",38
"ない, ない, 人, 思う",82
"ない, 人, 思う",392
"ない, 人, 思う, 思う",78
"人, 思う",971
"人, 思う, 思う",181
"思う, 思う, 思う",61
"ない, 思う, 思う",222
"ない, ない, 思う, 思う",47
"ない, 思う",1307
"ない, ない, 思う",269
"ない, ない",759
